"Time (s)","Latitude (째)","Longitude (째)","Height (m)","Velocity (m/s)","Direction (째)","Horizontal Accuracy (m)","Vertical Accuracy (째)"
7.174968719E-3,1.686379669E1,7.354949979E1,1.411316833E2,NaN,NaN,1.414000000E3,3.433669281E1
4.938807845E0,1.686488971E1,7.355027664E1,1.477215881E2,4.300000191E0,9.667968750E1,4.163113181E1,2.400000000E1
5.939567924E0,1.686489113E1,7.355014212E1,1.406483459E2,1.800000072E-1,9.667968750E1,1.999845375E1,3.000000000E0
6.934481025E0,1.686491594E1,7.354999853E1,1.403020935E2,2.599999905E-1,9.667968750E1,1.001297902E1,3.000000000E0
7.212458968E0,1.686483749E1,7.355000868E1,1.403155212E2,2.599999905E-1,1.209375000E2,8.273547666E0,3.000000000E0
8.215459943E0,1.686477592E1,7.355010716E1,1.408838806E2,1.960000038E0,1.103906250E2,3.902691648E0,3.000000000E0
9.215885043E0,1.686475384E1,7.355013667E1,1.403423157E2,3.089999914E0,1.117968750E2,3.535533906E0,3.000000000E0
1.019263756E1,1.686472492E1,7.355018528E1,1.401229553E2,3.960000038E0,1.117968750E2,3.535533906E0,3.000000000E0
1.119242299E1,1.686469596E1,7.355024328E1,1.396260071E2,3.960000038E0,1.107421875E2,3.535533906E0,3.000000000E0
1.219218361E1,1.686467639E1,7.355029609E1,1.393540955E2,5.849999905E0,1.082812500E2,3.535533906E0,3.000000000E0
1.319193208E1,1.686466168E1,7.355034471E1,1.389107971E2,6.340000153E0,1.079296875E2,3.535533906E0,3.000000000E0
1.419168282E1,1.686464097E1,7.355041084E1,1.385303040E2,7.429999828E0,1.086328125E2,3.535533906E0,3.000000000E0
1.519144416E1,1.686461885E1,7.355047974E1,1.385599060E2,7.860000134E0,1.068750000E2,3.535533906E0,3.000000000E0
1.619121146E1,1.686460087E1,7.355055174E1,1.387217712E2,7.860000134E0,1.054687500E2,3.535533906E0,3.000000000E0
1.719099975E1,1.686458192E1,7.355062283E1,1.387217760E2,7.860000134E0,1.054687706E2,4.667494495E0,3.469730850E0
1.819079459E1,1.686456384E1,7.355069681E1,1.391039783E2,7.989999771E0,1.040625211E2,4.667494858E0,3.469730362E0
1.919059908E1,1.686455227E1,7.355077671E1,1.391498160E2,8.260000229E0,1.012500221E2,4.667495218E0,3.469729878E0
2.019042182E1,1.686454586E1,7.355085279E1,1.391061760E2,8.329999924E0,9.878908491E1,4.667495546E0,3.469729436E0
2.119025087E1,1.686452962E1,7.355093573E1,1.392481444E2,8.779999733E0,1.008984610E2,4.667495923E0,3.469728930E0
2.219009042E1,1.686450428E1,7.355101400E1,1.391305907E2,8.779999733E0,1.051172106E2,4.667496323E0,3.469728391E0
2.318994546E1,1.686448801E1,7.355109199E1,1.388138184E2,8.920000076E0,1.054687734E2,4.667496690E0,3.469727897E0
2.418980432E1,1.686447215E1,7.355117766E1,1.387937989E2,8.970000267E0,1.030078363E2,4.667497094E0,3.469727354E0
2.518967605E1,1.686447362E1,7.355126973E1,1.388066776E2,9.140000343E0,9.527346228E1,4.667497465E0,3.469726855E0
2.618955612E1,1.686446039E1,7.355136106E1,1.386468268E2,9.300000191E0,9.597658768E1,4.667497872E0,3.469726308E0
2.718944383E1,1.686447253E1,7.355143810E1,1.394117191E2,9.140000343E0,8.683596234E1,4.667498155E0,3.469725926E0
2.818933809E1,1.686448779E1,7.355152300E1,1.394098268E2,8.979999542E0,8.015627409E1,4.667498452E0,3.469725527E0
2.918923879E1,1.686450522E1,7.355160337E1,1.395215211E2,8.960000038E0,7.699221127E1,4.667498710E0,3.469725180E0
3.018914545E1,1.686453268E1,7.355167990E1,1.398417723E2,8.789999962E0,7.347658544E1,4.667498916E0,3.469724903E0
3.118905759E1,1.686454769E1,7.355176167E1,1.400109007E2,8.789999962E0,7.628908575E1,4.667499168E0,3.469724564E0
3.218897545E1,1.686456835E1,7.355183988E1,1.402124997E2,8.689999580E0,7.628908548E1,4.667499395E0,3.469724258E0
3.318889892E1,1.686459010E1,7.355192270E1,1.401993772E2,8.689999580E0,7.628908548E1,4.667499634E0,3.469723937E0
3.418882549E1,1.686460159E1,7.355200692E1,1.401711793E2,8.960000038E0,7.910158645E1,4.667499907E0,3.469723570E0
3.518875790E1,1.686461668E1,7.355209900E1,1.400107797E2,9.539999962E0,8.121096317E1,4.667500193E0,3.469723185E0
3.618869388E1,1.686461984E1,7.355219091E1,1.400493543E2,9.750000000E0,8.613283898E1,4.667500522E0,3.469722742E0
3.718863404E1,1.686461854E1,7.355226214E1,1.418340798E2,9.398073023E0,8.839263844E1,4.797347537E0,3.287855477E0
3.818857741E1,1.686461127E1,7.355236135E1,1.419307788E2,9.926512121E0,9.162290197E1,4.790492731E0,3.297835112E0
3.918852496E1,1.686460091E1,7.355244409E1,1.422402104E2,9.679430093E0,9.437685294E1,4.791890794E0,3.295803339E0
4.018847513E1,1.686458060E1,7.355253469E1,1.427586477E2,9.790598246E0,9.903590898E1,4.797844741E0,3.287129884E0
4.118842769E1,1.686454063E1,7.355262898E1,1.430818378E2,1.009241816E1,1.062997315E2,4.786344039E0,3.303853473E0
4.218838370E1,1.686450113E1,7.355272136E1,1.430112009E2,9.903655067E0,1.097694569E2,4.776135124E0,3.318594628E0
4.318834233E1,1.686446100E1,7.355279408E1,1.428053296E2,9.160554823E0,1.121798845E2,4.775782485E0,3.319102091E0
4.418830442E1,1.686443367E1,7.355286480E1,1.430488791E2,8.612245375E0,1.119706216E2,4.777223235E0,3.317028066E0
4.518826747E1,1.686439658E1,7.355293395E1,1.428486173E2,8.395481872E0,1.145517918E2,4.777741281E0,3.316281847E0
4.618823338E1,1.686436063E1,7.355300332E1,1.430594642E2,8.571783940E0,1.152635771E2,4.774545590E0,3.320881125E0
4.718820035E1,1.686432665E1,7.355307175E1,1.423284461E2,8.472872722E0,1.150300890E2,4.779889402E0,3.313184924E0
4.818817008E1,1.686429807E1,7.355314003E1,1.420389914E2,8.370457695E0,1.132847155E2,4.776379364E0,3.318243090E0
4.918814111E1,1.686427527E1,7.355321417E1,1.418022755E2,8.241794251E0,1.094092216E2,4.774147430E0,3.321453499E0
5.018811429E1,1.686427288E1,7.355327381E1,1.417502603E2,7.381966825E0,1.019106870E2,4.772326579E0,3.324069201E0
5.118808985E1,1.686428405E1,7.355332739E1,1.414202289E2,6.472486081E0,9.209232000E1,4.775136615E0,3.320031225E0
5.218806541E1,1.686431083E1,7.355337455E1,1.412488339E2,5.789604249E0,7.930885227E1,4.773883280E0,3.321833148E0
5.318804264E1,1.686434548E1,7.355342454E1,1.416046327E2,5.913701366E0,6.622050108E1,4.772272388E0,3.324147001E0
5.418802094E1,1.686438538E1,7.355347112E1,1.421337791E2,6.289917487E0,5.635010554E1,4.775297840E0,3.319799328E0
5.518800151E1,1.686442928E1,7.355352304E1,1.420785850E2,6.759290126E0,5.238840651E1,4.778149246E0,3.315694017E0
5.618798220E1,1.686447073E1,7.355358434E1,1.425506956E2,7.321971513E0,5.311868932E1,4.779133583E0,3.314275069E0
5.718796468E1,1.686451265E1,7.355364278E1,1.424653061E2,7.450271245E0,5.298115540E1,4.778052077E0,3.315834040E0
5.818794811E1,1.686455068E1,7.355370807E1,1.429749020E2,7.639439901E0,5.489574098E1,4.778095323E0,3.315771722E0
5.918793166E1,1.686459343E1,7.355377504E1,1.428783568E2,7.970839804E0,5.469190139E1,4.777703866E0,3.316335749E0
6.018791628E1,1.686463492E1,7.355383371E1,1.427474945E2,7.868326620E0,5.521493969E1,4.782227392E0,3.309809392E0
6.118790317E1,1.686467202E1,7.355389934E1,1.433935280E2,8.064218241E0,5.622108251E1,4.777188003E0,3.317078808E0
6.218788922E1,1.686471322E1,7.355397098E1,1.435083573E2,8.403956374E0,5.720433921E1,4.774702802E0,3.320655084E0
6.318787682E1,1.686481770E1,7.355399060E1,1.434004533E2,8.257828471E0,5.563854599E1,8.254410274E0,3.317861041E0
6.418786466E1,1.686485960E1,7.355405398E1,1.437506554E2,8.282818576E0,5.544340515E1,8.280638986E0,3.318728129E0
6.518785310E1,1.686490407E1,7.355412104E1,1.443303017E2,8.365432927E0,5.544340515E1,8.172617989E0,3.347025776E0
6.618784273E1,1.686495018E1,7.355419057E1,1.436582012E2,8.680008357E0,5.544340515E1,8.199807500E0,3.349238822E0
6.718783164E1,1.686499504E1,7.355425822E1,1.428866823E2,8.892307106E0,5.544340515E1,4.748710618E0,3.357720135E0
6.818782198E1,1.686504438E1,7.355433261E1,1.429811960E2,9.324287419E0,5.544340515E1,4.746513986E0,3.360824603E0
6.918781269E1,1.686508823E1,7.355439980E1,1.422766094E2,9.295178407E0,5.330017090E1,4.745175310E0,3.362714427E0
7.018780386E1,1.686514273E1,7.355446717E1,1.428251915E2,9.431791433E0,4.966436386E1,4.747269794E0,3.359756916E0
7.118779564E1,1.686520029E1,7.355453756E1,1.434265621E2,9.581977293E0,4.966436386E1,4.746473469E0,3.360881825E0
7.218778753E1,1.686525636E1,7.355460597E1,1.421318655E2,9.452326178E0,4.886614227E1,4.746282204E0,3.361151926E0
7.318778086E1,1.686531896E1,7.355466157E1,1.425098096E2,9.405459722E0,4.152244949E1,4.745605312E0,3.362107561E0
7.418777299E1,1.686538704E1,7.355472211E1,1.434309018E2,9.592899842E0,4.105641556E1,4.747501922E0,3.359428900E0
7.518776584E1,1.686545044E1,7.355477946E1,1.438847939E2,9.280763699E0,4.105641556E1,4.753393555E0,3.351087397E0
7.618776190E1,1.686551171E1,7.355485906E1,1.434383223E2,9.518456342E0,4.993737411E1,4.748220082E0,3.358413775E0
7.718775272E1,1.686557025E1,7.355493143E1,1.434792295E2,9.751797915E0,5.010070419E1,4.744600709E0,3.363525107E0
7.818774736E1,1.686562576E1,7.355500040E1,1.448446749E2,9.882856887E0,4.898817825E1,4.740939295E0,3.368683962E0
7.918774176E1,1.686568811E1,7.355507638E1,1.439106372E2,1.010906934E1,4.999442291E1,4.744584993E0,3.363547276E0
8.018773663E1,1.686575167E1,7.355515503E1,1.439821104E2,1.026098311E1,5.032346725E1,4.747780484E0,3.359035205E0
8.118773031E1,1.686581240E1,7.355523107E1,1.444694574E2,1.020087992E1,5.032346725E1,4.749119091E0,3.357142369E0
8.218772638E1,1.686587580E1,7.355531044E1,1.448556199E2,1.044115328E1,5.032346725E1,4.759014417E0,3.343100179E0
8.318772101E1,1.686593989E1,7.355539014E1,1.459130819E2,1.065123833E1,5.015985489E1,4.749669244E0,3.356363971E0
8.418771684E1,1.686600257E1,7.355546815E1,1.453350110E2,1.069324633E1,5.015985489E1,4.750243649E0,3.355550969E0
8.518771207E1,1.686606771E1,7.355554826E1,1.455002250E2,1.069978981E1,4.973713684E1,4.756032353E0,3.347341227E0
8.618771040E1,1.686613418E1,7.355562976E1,1.458334570E2,1.085227174E1,4.973713684E1,4.760647331E0,3.340774465E0
8.718770397E1,1.686619188E1,7.355570143E1,1.454221510E2,1.060024282E1,5.014347458E1,4.752821311E0,3.351898956E0
8.818770289E1,1.686625242E1,7.355577727E1,1.462216144E2,1.052796572E1,5.052861786E1,4.753473779E0,3.350973600E0
8.918769562E1,1.686630415E1,7.355586221E1,1.464197420E2,1.046483439E1,5.865279770E1,4.752905340E0,3.351779805E0
9.018769205E1,1.686635371E1,7.355594550E1,1.465893762E2,1.050270740E1,5.824306107E1,4.758940624E0,3.343205224E0
9.118768764E1,1.686640435E1,7.355603050E1,1.462684193E2,1.055932215E1,5.835892868E1,4.760545896E0,3.340919007E0
9.218768454E1,1.686645169E1,7.355611029E1,1.456599132E2,1.031673861E1,5.835892868E1,4.762832665E0,3.337658167E0
9.318768144E1,1.686650433E1,7.355620400E1,1.456943847E2,1.061825226E1,6.122254944E1,4.754913496E0,3.348930379E0
9.418767738E1,1.686654966E1,7.355628816E1,1.455094494E2,1.047142129E1,5.989699554E1,4.754260681E0,3.349857073E0
9.518767440E1,1.686659342E1,7.355636704E1,1.460751479E2,1.025539562E1,6.109490585E1,4.750927280E0,3.354582986E0
9.618767142E1,1.686663906E1,7.355645289E1,1.466376019E2,1.019565370E1,6.109490585E1,4.750635068E0,3.354996794E0
9.718766868E1,1.686668430E1,7.355653617E1,1.470881461E2,1.015766905E1,6.057328796E1,4.753363205E0,3.351130447E0
9.818766487E1,1.686673111E1,7.355662237E1,1.463592418E2,1.027434095E1,6.057328796E1,4.745449719E0,3.362327170E0
9.918766224E1,1.686679510E1,7.355669335E1,1.461988379E2,1.049594279E1,4.965869141E1,4.748809963E0,3.357579629E0
1.001876627E2,1.686685401E1,7.355676595E1,1.466354825E2,1.047346588E1,5.050571060E1,4.749959892E0,3.355952630E0
1.011876575E2,1.686691390E1,7.355683206E1,1.477729722E2,1.028880115E1,4.293017578E1,4.756867279E0,3.346154617E0
1.021876533E2,1.686697601E1,7.355689183E1,1.480128089E2,9.857410130E0,4.266811371E1,4.748683298E0,3.357758771E0
1.031876508E2,1.686703705E1,7.355695026E1,1.481923645E2,9.849903553E0,4.266811371E1,4.752205768E0,3.352771596E0
1.041876519E2,1.686710238E1,7.355701280E1,1.483667481E2,1.001259719E1,4.266811371E1,4.751578708E0,3.353660212E0
1.051876459E2,1.686717153E1,7.355707413E1,1.481600220E2,1.014796914E1,3.873052597E1,4.752681097E0,3.352097764E0
1.061876440E2,1.686724250E1,7.355713324E1,1.487673815E2,1.007287302E1,3.873052597E1,4.750446036E0,3.355264444E0
1.071876415E2,1.686731284E1,7.355719478E1,1.483405547E2,1.014171531E1,3.969589615E1,4.749643509E0,3.356400389E0
1.081876419E2,1.686738128E1,7.355725598E1,1.479385374E2,9.940689036E0,4.227707672E1,4.753634605E0,3.350745450E0
1.091876396E2,1.686744725E1,7.355731828E1,1.488288714E2,9.799632137E0,4.227707672E1,4.756407006E0,3.346808843E0
1.101876339E2,1.686750446E1,7.355738869E1,1.495788069E2,9.475674371E0,5.209234238E1,4.752730646E0,3.352027511E0
1.111876317E2,1.686755934E1,7.355746188E1,1.497209436E2,9.552513523E0,5.209234238E1,4.756234961E0,3.347053335E0
1.121876295E2,1.686761009E1,7.355752956E1,1.505314586E2,9.421735486E0,5.209234238E1,4.762906224E0,3.337553196E0
1.131876267E2,1.686764259E1,7.355763020E1,1.512444605E2,9.536384125E0,6.313853073E1,4.760550997E0,3.340911738E0
1.141876272E2,1.686768013E1,7.355770639E1,1.511878138E2,9.441099999E0,6.285940933E1,4.773656243E0,3.322159404E0
1.151876256E2,1.686771553E1,7.355777810E1,1.517506465E2,9.236763103E0,6.285940933E1,4.772620284E0,3.323647493E0
1.161876210E2,1.686774532E1,7.355786784E1,1.522376380E2,9.239822750E0,7.052283478E1,4.781459378E0,3.310918792E0
1.171876183E2,1.686777253E1,7.355794775E1,1.525943044E2,9.160596397E0,7.052283478E1,4.778941623E0,3.314551854E0
1.181876158E2,1.686779898E1,7.355802543E1,1.527026774E2,8.997692534E0,7.052283478E1,4.771826577E0,3.324786933E0
1.191876169E2,1.686782479E1,7.355810121E1,1.528404551E2,8.895881589E0,7.052283478E1,4.764019852E0,3.335963411E0
1.201876116E2,1.686784797E1,7.355818054E1,1.534862102E2,8.814026270E0,7.491602325E1,4.774215428E0,3.321355759E0
1.211876099E2,1.686786707E1,7.355825226E1,1.534928967E2,8.746802190E0,7.424056244E1,4.765293496E0,3.334143808E0
1.221876080E2,1.686788842E1,7.355833398E1,1.530827553E2,9.069924243E0,7.828222656E1,4.762073485E0,3.338741253E0
1.231876048E2,1.686790326E1,7.355840830E1,1.530700172E2,8.923586760E0,7.828222656E1,4.774403481E0,3.321085431E0
1.241876032E2,1.686791926E1,7.355848866E1,1.540039621E2,8.908813871E0,7.853467560E1,4.772655081E0,3.323597525E0
1.251876010E2,1.686793796E1,7.355858445E1,1.533478926E2,9.701783349E0,7.853467560E1,4.752559484E0,3.352270184E0
1.261875987E2,1.686795491E1,7.355866726E1,1.540405957E2,9.557749935E0,7.818233490E1,4.749065062E0,3.357218800E0
1.271875973E2,1.686797385E1,7.355876129E1,1.537621837E2,9.817295802E0,7.818233490E1,4.749769279E0,3.356222404E0
1.281875948E2,1.686799304E1,7.355885653E1,1.540065254E2,9.786225515E0,7.818233490E1,4.755232089E0,3.348477985E0
1.291875933E2,1.686801116E1,7.355894897E1,1.539669360E2,9.789090222E0,7.875752258E1,4.762160098E0,3.338617712E0
1.301875912E2,1.686803030E1,7.355904611E1,1.535225424E2,9.873316829E0,7.836348724E1,4.750384963E0,3.355350911E0
1.311875895E2,1.686804876E1,7.355913920E1,1.534795344E2,9.871838281E0,7.836348724E1,4.746343750E0,3.361065015E0
1.321875867E2,1.686807870E1,7.355922099E1,1.533428245E2,9.677894303E0,7.167064667E1,4.743497627E0,3.365080577E0
1.331875852E2,1.686810652E1,7.355930822E1,1.530454929E2,9.549748376E0,7.245195770E1,4.744853814E0,3.363168048E0
1.341875825E2,1.686813241E1,7.355938835E1,1.527694879E2,9.308755248E0,6.883650970E1,4.742340095E0,3.366711668E0
1.351875856E2,1.686816151E1,7.355946643E1,1.527755528E2,8.898047641E0,6.883650970E1,4.745086814E0,3.362839301E0
1.361875037E2,1.686818949E1,7.355954150E1,1.524375392E2,8.311645259E0,6.883650970E1,4.742865775E0,3.365971074E0
1.371875118E2,1.686820956E1,7.355959533E1,1.522982276E2,6.728562017E0,6.883650970E1,4.748366312E0,3.358207021E0
1.381875201E2,1.686822190E1,7.355962843E1,1.521059883E2,4.922999003E0,6.883650970E1,4.759788147E0,3.341998479E0
1.391875284E2,1.686823728E1,7.355962726E1,1.521571708E2,4.301337785E0,4.864347839E1,4.764282343E0,3.335588523E0
1.401875366E2,1.686826176E1,7.355965520E1,1.527906307E2,4.440743558E0,4.898897552E1,7.801079439E0,3.344791605E0
1.411875458E2,1.686828619E1,7.355968438E1,1.528078731E2,4.732113474E0,4.898897552E1,1.063645202E1,3.352117768E0
1.421875525E2,1.686831340E1,7.355971688E1,1.528044797E2,5.139750533E0,4.898897552E1,1.409506737E1,3.347183288E0
1.431875565E2,1.686833642E1,7.355974437E1,1.530497388E2,5.418286666E0,8.969267020E1,1.866966799E1,3.337467892E0
1.441875634E2,1.686824778E1,7.355994057E1,1.532342817E2,5.602404825E0,1.256701279E2,4.761552548E0,3.339484147E0
1.451875693E2,1.686820835E1,7.355999098E1,1.535796814E2,6.303875853E0,1.214502945E2,4.754913165E0,3.348930849E0
1.461875728E2,1.686817257E1,7.356005173E1,1.533170124E2,6.973983720E0,1.214502945E2,4.750959877E0,3.354536821E0
1.471875751E2,1.686813910E1,7.356010760E1,1.537837085E2,7.229474070E0,1.221163864E2,4.758033266E0,3.344496446E0
1.481875811E2,1.686809689E1,7.356017746E1,1.530785016E2,7.792258357E0,1.219935684E2,4.753450659E0,3.351006395E0
1.491875795E2,1.686805549E1,7.356024564E1,1.531684710E2,8.162859178E0,1.226388779E2,4.757917817E0,3.344660683E0
1.501875833E2,1.686801351E1,7.356031454E1,1.538088629E2,8.472722595E0,1.220080948E2,4.764513588E0,3.335258206E0
1.511875888E2,1.686796731E1,7.356039130E1,1.531955831E2,9.047044920E0,1.220080948E2,4.777975065E0,3.315945011E0
1.521875883E2,1.686792386E1,7.356046348E1,1.532423656E2,9.172059252E0,1.220080948E2,4.778649056E0,3.314973640E0
1.531875938E2,1.686787751E1,7.356054050E1,1.533149672E2,9.315844958E0,1.220080948E2,4.770774597E0,3.326296255E0
1.541875927E2,1.686783580E1,7.356060980E1,1.536335225E2,9.149421424E0,1.220080948E2,4.771665406E0,3.325018238E0
1.551875958E2,1.686778879E1,7.356068790E1,1.534575537E2,9.395669264E0,1.220080948E2,4.771171164E0,3.325727403E0
1.561875968E2,1.686773859E1,7.356076428E1,1.534717611E2,9.550220392E0,1.250670547E2,4.769700356E0,3.327836466E0
1.571875978E2,1.686768626E1,7.356084170E1,1.533503932E2,9.737255726E0,1.250670547E2,4.777070108E0,3.317248592E0
1.581875999E2,1.686763742E1,7.356091406E1,1.531183857E2,9.657877491E0,1.249078979E2,4.790593946E0,3.297688081E0
1.591876005E2,1.686758265E1,7.356099084E1,1.527194463E2,1.002073545E1,1.249078979E2,4.772003102E0,3.324533565E0
1.601876014E2,1.686753414E1,7.356106602E1,1.534382990E2,9.938535552E0,1.249078979E2,4.774585713E0,3.320823437E0
1.611876026E2,1.686748359E1,7.356113131E1,1.551182555E2,9.576986043E0,1.249078979E2,4.773088300E0,3.322975340E0
1.621876030E2,1.686743863E1,7.356120334E1,1.548019047E2,9.313208967E0,1.253134232E2,4.787510203E0,3.302163395E0
1.631876034E2,1.686738390E1,7.356126835E1,1.541871857E2,9.136416067E0,1.253134232E2,4.807627111E0,3.272805920E0
1.641876035E2,1.686733615E1,7.356133394E1,1.544770688E2,8.811789642E0,1.248703613E2,4.803380954E0,3.279034682E0
1.651876045E2,1.686730439E1,7.356140777E1,1.542147769E2,8.544352199E0,1.252286072E2,4.780379316E0,3.312478019E0
1.661876049E2,1.686725861E1,7.356147510E1,1.546715102E2,8.601352629E0,1.252286072E2,4.778274170E0,3.315513985E0
1.671876043E2,1.686722504E1,7.356154305E1,1.546153509E2,8.436364887E0,1.198095398E2,4.773127681E0,3.322918773E0
1.681876043E2,1.686718800E1,7.356161016E1,1.554145604E2,8.323136417E0,1.198291092E2,4.781188284E0,3.311310258E0
1.691876038E2,1.686715217E1,7.356167505E1,1.560773340E2,8.298935288E0,1.198291092E2,4.774561950E0,3.320857602E0
1.701876078E2,1.686711541E1,7.356174277E1,1.560406793E2,8.300221369E0,1.192071991E2,4.775674175E0,3.319257931E0
1.711876041E2,1.686708126E1,7.356180553E1,1.560534247E2,8.085530319E0,1.199389114E2,4.775717691E0,3.319195319E0
1.721876036E2,1.686704368E1,7.356187329E1,1.562631614E2,8.275602146E0,1.199389114E2,4.779791050E0,3.313326811E0
1.731876029E2,1.686700410E1,7.356194467E1,1.568323142E2,8.523111125E0,1.199389114E2,4.782244434E0,3.309784768E0
1.741876020E2,1.686696166E1,7.356202121E1,1.564721906E2,8.864570671E0,1.199389114E2,4.782727131E0,3.309087219E0
1.751876022E2,1.686692251E1,7.356209343E1,1.568028004E2,8.969746774E0,1.190985260E2,4.787227247E0,3.302573590E0
1.761876010E2,1.686688250E1,7.356217404E1,1.575955440E2,9.285486262E0,1.167344513E2,4.791592852E0,3.296236487E0
1.771876038E2,1.686684516E1,7.356225104E1,1.569317985E2,9.394716187E0,1.167344513E2,4.789514091E0,3.299256251E0
1.781875997E2,1.686680551E1,7.356233278E1,1.568275417E2,9.552933364E0,1.167344513E2,4.806690318E0,3.274181611E0
1.791875991E2,1.686676716E1,7.356241186E1,1.570754622E2,9.510204219E0,1.167344513E2,4.796874969E0,3.288544900E0
1.801875980E2,1.686672470E1,7.356249940E1,1.564313871E2,9.944700525E0,1.167344513E2,4.786911144E0,3.303031749E0
1.811875979E2,1.686668164E1,7.356258819E1,1.559720082E2,1.016768147E1,1.167344513E2,4.804300263E0,3.277687602E0
1.821875961E2,1.686663591E1,7.356268473E1,1.559586858E2,1.064952596E1,1.160928421E2,4.789246067E0,3.299645305E0
1.831875955E2,1.686659158E1,7.356278016E1,1.553346748E2,1.094647068E1,1.162224503E2,4.794888312E0,3.291440886E0
1.841875947E2,1.686654728E1,7.356287356E1,1.546607201E2,1.099421877E1,1.162224503E2,4.794273212E0,3.292336769E0
1.851875931E2,1.686650256E1,7.356296853E1,1.551451978E2,1.104753289E1,1.157068100E2,4.797570362E0,3.287530328E0
1.861875954E2,1.686645898E1,7.356306256E1,1.546441255E2,1.112923860E1,1.157068100E2,4.793970087E0,3.292778133E0
1.871875913E2,1.686641039E1,7.356316629E1,1.544058039E2,1.128820759E1,1.154241714E2,4.775515494E0,3.319486226E0
1.881875901E2,1.686636540E1,7.356326320E1,1.536093140E2,1.117440302E1,1.157957458E2,4.780049779E0,3.312953537E0
1.891875893E2,1.686632273E1,7.356335489E1,1.538428204E2,1.112796668E1,1.157951202E2,4.816000783E0,3.260471361E0
1.901875877E2,1.686628352E1,7.356344686E1,1.539696080E2,1.108667253E1,1.137033081E2,4.822856105E0,3.250322449E0
1.911875863E2,1.686624452E1,7.356353911E1,1.549489843E2,1.095864596E1,1.137033081E2,4.824373795E0,3.248069353E0
1.921875855E2,1.686620737E1,7.356362699E1,1.552025927E2,1.075912133E1,1.137033081E2,4.799266756E0,3.285053370E0
1.931875839E2,1.686616784E1,7.356372055E1,1.548344185E2,1.074280040E1,1.136373444E2,4.785442711E0,3.305158861E0
1.941875825E2,1.686612971E1,7.356381104E1,1.551124944E2,1.084445259E1,1.136373444E2,4.781089176E0,3.311453356E0
1.951875819E2,1.686609251E1,7.356389866E1,1.542123804E2,1.071369746E1,1.146397552E2,4.786632923E0,3.303434924E0
1.961875799E2,1.686603387E1,7.356397892E1,1.553894032E2,1.031737590E1,1.208084259E2,4.789480993E0,3.299304299E0
1.971875790E2,1.686599465E1,7.356406146E1,1.547465642E2,1.005055845E1,1.223444519E2,4.799140920E0,3.285237200E0
1.981875811E2,1.686595909E1,7.356412608E1,1.553752306E2,9.560114141E0,1.223444519E2,4.800027868E0,3.283941153E0
1.991875758E2,1.686589482E1,7.356421475E1,1.555604140E2,1.035753695E1,1.223444519E2,4.782954927E0,3.308757955E0
2.001875747E2,1.686585268E1,7.356429956E1,1.553978269E2,1.029420768E1,1.218475342E2,4.774806214E0,3.320506385E0
2.011875738E2,1.686580365E1,7.356438037E1,1.556319358E2,1.000798845E1,1.223752441E2,4.764341083E0,3.335504621E0
2.021875720E2,1.686575056E1,7.356446668E1,1.559071030E2,9.924584487E0,1.226391907E2,4.766949691E0,3.331775454E0
2.031875701E2,1.686568108E1,7.356455107E1,1.562284414E2,9.843407955E0,1.338188019E2,4.774342832E0,3.321172617E0
2.041875695E2,1.686561483E1,7.356462268E1,1.567941545E2,9.667303094E0,1.340131989E2,4.765178195E0,3.334308594E0
2.051875685E2,1.686555601E1,7.356468590E1,1.569963196E2,9.302059411E0,1.340131989E2,4.765328629E0,3.334093593E0
2.061875665E2,1.686549898E1,7.356474721E1,1.575001201E2,9.075023621E0,1.340131989E2,4.768268082E0,3.329888366E0
2.071875669E2,1.686543679E1,7.356481407E1,1.581173914E2,9.217691250E0,1.340131989E2,4.760255680E0,3.341332503E0
2.081875638E2,1.686537704E1,7.356487828E1,1.585184827E2,9.398234546E0,1.340131989E2,4.758857132E0,3.343324068E0
2.091875631E2,1.686531629E1,7.356494459E1,1.589321908E2,9.517863101E0,1.333916931E2,4.755991676E0,3.347399022E0
2.101875616E2,1.686526214E1,7.356501307E1,1.587836038E2,9.771511004E0,1.288062897E2,4.754835211E0,3.349041526E0
2.111875594E2,1.686520461E1,7.356508737E1,1.585468759E2,1.015936998E1,1.288062897E2,4.755357218E0,3.348300280E0
2.121875588E2,1.686514336E1,7.356516627E1,1.585928760E2,1.059368255E1,1.289501953E2,4.757755907E0,3.344890995E0
2.131875573E2,1.686507793E1,7.356525060E1,1.579634368E2,1.101512909E1,1.286123962E2,4.758273013E0,3.344155344E0
2.141875581E2,1.686501585E1,7.356533133E1,1.570512505E2,1.080737294E1,1.286123962E2,4.763395688E0,3.336854590E0
2.151875535E2,1.686497995E1,7.356541475E1,1.564739173E2,1.066459332E1,1.176690445E2,4.767744149E0,3.330638491E0
2.161875523E2,1.686493660E1,7.356550063E1,1.553660788E2,1.065132893E1,1.176690445E2,4.767689507E0,3.330716709E0
2.171875507E2,1.686489384E1,7.356558510E1,1.548186736E2,1.057637913E1,1.178914719E2,4.766113063E0,3.332972143E0
2.181875494E2,1.686485113E1,7.356566891E1,1.542780529E2,1.043432460E1,1.178914719E2,4.765428666E0,3.333950609E0
2.191875510E2,1.686480745E1,7.356575461E1,1.535419945E2,1.033784689E1,1.178914719E2,4.767156410E0,3.331479671E0
2.201875470E2,1.686475811E1,7.356585075E1,1.530258733E2,1.100939475E1,1.181539841E2,4.769387844E0,3.328284337E0
2.211875480E2,1.686470324E1,7.356595744E1,1.528903602E2,1.166490659E1,1.181031418E2,4.766993527E0,3.331712735E0
2.221875445E2,1.686466804E1,7.356606113E1,1.527774934E2,1.166598013E1,1.102087021E2,4.766893324E0,3.331856099E0
2.231875418E2,1.686463001E1,7.356616951E1,1.523726668E2,1.168135339E1,1.101424179E2,4.767507825E0,3.330976759E0
2.241875451E2,1.686459414E1,7.356627103E1,1.526035619E2,1.148265288E1,1.101681900E2,4.776915097E0,3.317471807E0
2.251875391E2,1.686457409E1,7.356635587E1,1.527240859E2,1.099451842E1,1.006866989E2,4.778048296E0,3.315839489E0
2.261875384E2,1.686455655E1,7.356645241E1,1.528438212E2,1.098562284E1,1.006866989E2,4.772464594E0,3.323871047E0
2.271875368E2,1.686453921E1,7.356654897E1,1.535575286E2,1.093613355E1,1.003888016E2,4.765591849E0,3.333717349E0
2.281875348E2,1.686452155E1,7.356664901E1,1.542233219E2,1.104809594E1,1.003888016E2,4.756428620E0,3.346778125E0
2.291875335E2,1.686451012E1,7.356674901E1,1.544713185E2,1.118621858E1,9.687764740E1,4.755590039E0,3.347969595E0
2.301875321E2,1.686449829E1,7.356685084E1,1.546196568E2,1.093458787E1,9.687764740E1,4.752274575E0,3.352674067E0
2.311875308E2,1.686448665E1,7.356695080E1,1.550870644E2,1.063699232E1,9.693842316E1,4.750768243E0,3.354808211E0
2.321875287E2,1.686448529E1,7.356704714E1,1.551963526E2,1.054260177E1,8.730106354E1,4.749901149E0,3.356035773E0
2.331875269E2,1.686448985E1,7.356714748E1,1.548995032E2,1.074665639E1,8.730106354E1,4.749144475E0,3.357106461E0
2.341875261E2,1.686449434E1,7.356724645E1,1.541548386E2,1.073813833E1,8.730106354E1,4.747328109E0,3.359674517E0
2.351875241E2,1.686449951E1,7.356734458E1,1.538659465E2,1.045372982E1,8.526598358E1,4.746402397E0,3.360982195E0
2.361875228E2,1.686451634E1,7.356743476E1,1.537299534E2,1.032172969E1,7.551117706E1,4.749509375E0,3.356590194E0
2.371875217E2,1.686454131E1,7.356753460E1,1.533915816E2,1.065952526E1,7.527830505E1,4.750131376E0,3.355709902E0
2.381875196E2,1.686456593E1,7.356763226E1,1.531839450E2,1.084939085E1,7.570310211E1,4.748771328E0,3.357634273E0
2.391875209E2,1.686459042E1,7.356773197E1,1.530325765E2,1.086651301E1,7.553839111E1,4.748254613E0,3.358364954E0
2.401875169E2,1.686461504E1,7.356783113E1,1.527242562E2,1.085730680E1,7.553839111E1,4.748985166E0,3.357331816E0
2.411875153E2,1.686463864E1,7.356792617E1,1.523035878E2,1.085086408E1,7.553839111E1,4.749973363E0,3.355933564E0
2.421875136E2,1.686466052E1,7.356803236E1,1.514694051E2,1.108764130E1,7.818213654E1,4.749717961E0,3.356295029E0
2.431875128E2,1.686468177E1,7.356813781E1,1.511740438E2,1.145965072E1,7.818213654E1,4.747732994E0,3.359102328E0
2.441875110E2,1.686470242E1,7.356823703E1,1.510432210E2,1.123842566E1,7.824889374E1,4.748020711E0,3.358695634E0
2.451875135E2,1.686472227E1,7.356833613E1,1.508148101E2,1.075595453E1,7.824889374E1,4.747128924E0,3.359955954E0
2.461875081E2,1.686474018E1,7.356842313E1,1.508232289E2,9.833824173E0,7.708182526E1,4.747210106E0,3.359841252E0
2.471875092E2,1.686475524E1,7.356849639E1,1.507214265E2,8.217226779E0,7.806032562E1,4.746297947E0,3.361129696E0
2.481875048E2,1.686476767E1,7.356855743E1,1.507340762E2,6.805415164E0,7.806032562E1,4.745339194E0,3.362483155E0
2.491875039E2,1.686476718E1,7.356861132E1,1.508191972E2,5.209640611E0,8.571031189E1,4.744008067E0,3.364360934E0
2.501875048E2,1.686476970E1,7.356864627E1,1.506906302E2,3.511497174E0,8.571031189E1,4.746119255E0,3.361382015E0
2.511874999E2,1.686477055E1,7.356865799E1,1.504852401E2,1.726933335E0,8.571031189E1,4.745338000E0,3.362484840E0