"Time (s)","X (m/s^2)","Y (m/s^2)","Z (m/s^2)"
-1.850375003E-3,1.058419006E1,-7.116201782E-1,2.694846039E0
1.805062502E-2,1.040710831E1,-1.077309723E0,3.047362976E0
3.795162501E-2,1.049871780E1,-1.286724243E0,2.923121338E0
5.785362501E-2,9.768536224E0,-1.162931671E0,1.642833710E0
7.775462500E-2,9.005872192E0,-1.033600616E0,1.183289337E0
9.765562500E-2,9.064699860E0,-1.014590149E0,9.758207703E-1
1.175566250E-1,9.083261261E0,-8.496331787E-1,8.669970703E-1
1.374576250E-1,8.891060944E0,-6.285429382E-1,4.231700134E-1
1.573596250E-1,8.584348755E0,-3.555107117E-1,9.654922485E-1
1.772606250E-1,8.715775452E0,-1.422042847E-2,1.458417206E0
1.971616250E-1,9.269773407E0,1.585203552E-1,1.503473511E0
2.170626250E-1,1.043824356E1,3.743714905E-1,2.349663849E0
2.369636250E-1,1.085572540E1,1.092727661E-1,2.297422485E0
2.568656250E-1,1.103520218E1,-1.999841309E-1,1.409768372E0
2.767666250E-1,1.003513184E1,-3.731739807E-1,4.357438660E-1
2.966676250E-1,9.178163910E0,-8.924441528E-1,7.661068726E-1
3.165686250E-1,9.896669769E0,-1.178050232E0,-5.810916138E-1
3.364696250E-1,1.094284424E1,-7.652087402E-1,-4.156855774E-1
3.563706250E-1,1.090542206E1,-2.516267395E-1,-4.598437500E-1
3.762726250E-1,1.117126923E1,9.190887451E-2,-7.261399841E-1
3.961736250E-1,1.128293701E1,1.769320679E-1,-5.545967102E-1
4.160746250E-1,8.602311401E0,7.147636414E-1,1.917512512E-1
4.359756250E-1,8.942553864E0,9.434880066E-1,-5.837860107E-3
4.558766250E-1,9.121132507E0,1.474134521E0,-2.677931213E-1
4.757786250E-1,9.822873230E0,2.210153961E0,3.215313721E-1
4.956796250E-1,8.450077972E0,3.960913239E0,-1.024319916E0
5.155806250E-1,8.474177856E0,5.015470276E0,-7.574249268E-1
5.354816250E-1,9.351952515E0,3.376827850E0,8.167016602E-1
5.553826250E-1,9.084458771E0,2.773582306E0,7.563771057E-1
5.752846250E-1,7.473808136E0,2.641856232E0,-5.297483826E-1
5.951856250E-1,6.656507721E0,1.279838562E0,1.807640991E0
6.150866250E-1,8.242908783E0,6.451583862E-1,1.355131989E0
6.349875833E-1,1.073971664E1,1.090182953E0,1.911225586E0
6.548885833E-1,1.146121628E1,1.655856628E0,1.167572021E0
6.747905833E-1,1.103160965E1,5.957611084E-1,6.098318481E-1
6.946915833E-1,1.073178314E1,-2.496807861E-1,7.092251587E-1
7.145925833E-1,1.036848862E1,-4.538562012E-1,-4.323010254E-1
7.344935833E-1,1.047087570E1,-4.194277954E-1,-4.773573303E-1
7.543945833E-1,8.968300323E0,-1.797462158E0,3.933819580E-1
7.742965833E-1,8.815917206E0,-5.734574890E-1,4.679269409E-1
7.941975833E-1,1.000983444E1,2.474354553E0,-2.203417969E-1
8.140985833E-1,1.020562729E1,1.429826660E0,-7.855664063E-1
8.339995833E-1,1.019035904E1,8.547225952E-1,-1.570683746E0
8.539005833E-1,8.109087067E0,3.306623840E-1,6.360273743E-1
8.738025833E-1,8.077203369E0,7.707472229E-1,1.402433624E0
8.937035833E-1,9.975555725E0,2.040556641E0,8.304730225E-1
9.136045833E-1,1.039932449E1,1.394799500E0,1.324745178E0
9.335055834E-1,1.006372238E1,5.269042969E-2,8.969348145E-1
9.534065833E-1,1.013287857E1,-1.161584473E0,2.129022675E0
9.733075833E-1,1.094508957E1,-5.361849976E-1,5.388793945E-1
9.932095833E-1,1.110136459E1,-4.167333984E-1,1.078058167E0
1.013110583E0,1.160416901E1,-8.906478882E-1,1.096619568E0
1.033011583E0,1.025592270E1,-5.180726624E-1,-4.278103638E-1
1.052912583E0,1.034094589E1,-1.960922241E-2,-7.294331360E-1
1.072813583E0,1.023257126E1,-2.118095398E-1,1.145268402E0
1.092715583E0,1.228375580E1,-1.063987427E0,2.074685669E-1
1.112616583E0,1.186283112E1,1.369951172E0,3.381019135E0
1.132517583E0,7.685917053E0,-5.751040649E-1,3.495231628E-1
1.152418583E0,1.083387085E1,-1.534159698E0,3.637435913E-1
1.172319583E0,1.058209442E1,-1.703906708E0,1.334774323E0
1.192221583E0,9.999056854E0,-8.333171082E-1,5.643264771E-2
1.212122583E0,7.341333618E0,2.556683350E0,-4.592449951E-1
1.232023583E0,8.845256195E0,-2.305206299E-1,-9.213340759E-1
1.251924583E0,6.535708923E0,3.357218628E0,5.673202515E-1
1.271825583E0,8.278534698E0,-7.521858215E-1,-1.806293793E0
1.291727583E0,9.374705200E0,9.894424438E-2,-1.034798126E0
1.311628583E0,3.214565277E0,5.475613403E-1,1.432670746E0
1.331529583E0,1.522274414E1,-9.581575012E-1,-5.047803040E0
1.351430583E0,1.162048508E1,4.620890808E-1,9.580078125E-3
1.371331583E0,1.051233948E1,4.239184570E-1,-2.976111145E0
1.391232583E0,1.063268921E1,-6.060896301E-1,9.794132996E-1
1.411134583E0,1.002270767E1,-7.400610352E-1,-9.265731812E-2
1.431035583E0,9.776170349E0,-5.026547241E-1,-4.906347198E0
1.450936583E0,1.572734482E1,-1.753753052E0,4.141437836E0
1.470837583E0,5.623056793E0,-4.334985352E-1,-6.030210114E0
1.490738583E0,1.421488998E1,2.734812927E-1,3.822002106E0
1.510640583E0,5.830525360E0,-5.574407959E-1,-5.043013000E-1
1.530541583E0,1.080902252E1,9.812095642E-1,3.344046021E-1
1.550442583E0,4.818928986E0,4.896318054E-1,-2.405647430E0
1.570343583E0,1.272129593E1,-1.276545410E0,-4.850064240E0
1.590244583E0,7.615114288E0,3.579506378E0,-6.695576477E-1
1.610146583E0,7.171736298E0,-3.465293884E-1,-1.029858398E-1
1.630047583E0,1.305270676E1,1.380728760E0,4.164938965E0
1.649948583E0,5.480852509E0,3.115770721E0,-1.957030334E0
1.669849583E0,1.284404068E1,2.533481598E0,-9.936337280E-1
1.689750583E0,1.090721832E1,1.841021576E0,-2.094594269E0
1.709652583E0,7.962541809E0,2.010169830E0,1.140777740E0
1.729553583E0,7.677534485E0,1.759590912E0,1.369352417E0
1.749454583E0,8.838669891E0,2.673290863E0,3.785627747E-1
1.769355583E0,9.984836426E0,1.437011719E-2,-3.332819366E0
1.789256583E0,1.292607010E1,2.402354279E0,8.863069153E-1
1.809158583E0,1.076651093E1,9.315129089E-1,-5.748046875E-2
1.829059583E0,1.550565582E1,1.354084167E0,1.888472900E0
1.848960583E0,1.044183609E1,1.851200409E0,5.239105225E-1
1.868861583E0,9.552236023E0,-1.064735870E0,-5.822891235E-1
1.888762583E0,6.250402222E0,6.487509155E-1,6.128256226E-1
1.908664583E0,1.527782959E1,1.133892059E0,-5.376818848E-1
1.928565583E0,7.183412018E0,-5.930667114E-1,2.234702911E0
1.948466583E0,1.358275452E1,-1.647623749E0,-4.115841064E0
1.968367583E0,1.165476379E1,3.397933960E-2,1.063388672E0
1.988269583E0,6.469396820E0,-2.098635864E0,-2.936892700E0
2.008170583E0,1.368843475E1,1.664538574E0,-7.229965210E-1
2.028071583E0,6.002817078E0,-2.199675751E0,-3.556304626E0
2.047972583E0,8.620423737E0,-1.290316772E0,-7.186555481E-1
2.067873583E0,9.307944031E0,1.844913483E0,-6.539900208E-1
2.087775583E0,8.471782837E0,-5.942642212E-1,1.980830841E0
2.107676583E0,9.831255798E0,-7.828720093E-1,-2.358944550E0
2.127577583E0,9.673932953E0,5.322930908E-1,5.379812622E-1
2.147478583E0,9.848170624E0,1.346300354E0,-1.362915802E0
2.167379583E0,9.885892181E0,-1.296304321E0,-2.609673157E0
2.187281583E0,9.709259491E0,1.487307129E0,-3.264261932E0
2.207182583E0,9.346414032E0,-1.110540619E0,-2.434687042E0
2.227083583E0,1.311931824E1,8.695417786E-1,-6.738986206E-1
2.246984583E0,1.058553726E1,-3.390449524E-1,-4.257147217E-1
2.266886583E0,1.128084137E1,-2.297123108E0,-1.316961365E0
2.286787583E0,1.115974319E1,6.568341064E-1,1.147663422E0
2.306688583E0,1.288340881E1,-1.759890289E0,-1.449585571E0
2.326589583E0,1.330148941E1,1.339564362E0,-4.090992737E-1
2.346490583E0,7.665559387E0,1.721869354E0,-9.310638428E-1
2.366392583E0,1.006132736E1,9.497749329E-1,-7.237449646E-1
2.386293583E0,6.490353241E0,1.248553619E0,1.959425354E-1
2.406194583E0,9.377100220E0,1.996548157E0,-2.992876282E0
2.426095583E0,1.458042984E1,1.926194458E0,9.833052063E-1
2.445996583E0,9.690099335E0,3.466790771E-1,-3.982917480E0
2.465898583E0,1.026580215E1,2.136656799E0,4.095483398E0
2.485799583E0,6.067033539E0,-3.715274048E-1,-1.443148956E0
2.505700583E0,8.842561798E0,1.656455383E0,-5.658233643E-2
2.525601583E0,1.106903183E1,3.858975220E-1,-2.005828857E-1
2.545502583E0,1.218002151E1,4.505630493E-2,-4.024980011E0
2.565404583E0,5.367687836E0,1.892364807E0,3.546125793E-1
2.585305583E0,8.870254211E0,6.315367126E-1,-6.738986206E-1
2.605206583E0,5.035528564E0,3.911216583E0,4.189787292E0
2.625107375E0,1.291723846E1,1.385818176E0,-6.938521271E0
2.645009375E0,8.776549072E0,2.451901245E0,2.912942505E0
2.664910375E0,7.870632935E0,2.643203430E0,-5.817053375E0
2.684811375E0,3.636986847E0,-9.413923645E-1,-1.423689423E0
2.704712375E0,1.186357956E1,2.673290863E0,-1.618284760E0
2.724613375E0,9.359586639E0,2.920277252E0,2.799927521E0
2.744515375E0,7.687713318E0,-2.263443146E0,-4.733157349E-1
2.764416375E0,7.292834473E0,3.894900513E-1,-3.161575470E0
2.784317375E0,1.387180344E1,-1.017883301E-2,-1.284029846E0
2.804218375E0,8.359067230E0,5.119354248E-2,-7.848179626E-1
2.824120375E0,6.541247406E0,-3.848497009E-1,-1.608854370E0
2.844021375E0,1.005683670E1,-2.469863892E-2,5.019062805E-1
2.863922375E0,1.241173965E1,-5.254074097E-2,-1.103804626E0
2.883823375E0,1.086650299E1,1.171164551E0,4.755610657E-1
2.903724375E0,1.543739777E1,-3.505709839E-1,-1.904190216E0
2.923626375E0,1.407298508E1,-5.882766724E-2,5.201683044E-1
2.943527375E0,1.176328812E1,5.150788879E-1,-2.051184540E0
2.963428375E0,1.088730972E1,-9.020242310E-1,1.216071167E0
2.983329375E0,8.157436523E0,-6.255491638E-1,3.272195435E-1
3.003230375E0,9.354796600E0,1.198108521E0,-2.257305908E0
3.023132375E0,1.161165344E1,-7.120692444E-1,1.491199036E0
3.043033375E0,8.017776947E0,1.900447998E0,-1.454076233E0
3.062934375E0,9.576186218E0,-1.936972046E-1,-8.216413879E-1
3.082835375E0,5.821693726E0,-2.683918762E-1,-2.153421936E0
3.102737375E0,6.447841644E0,2.668949890E-1,-1.004111938E0
3.122638375E0,4.956193542E-1,-7.544311523E-1,-2.087109833E0
3.142539375E0,1.744083160E1,3.759731598E0,9.454339600E-1
3.162440375E0,7.352709961E-1,-1.775008850E0,4.727169800E0
3.182341375E0,1.046638504E1,4.161645813E0,-4.233197021E-1
3.202243375E0,1.448612595E1,-5.816903687E-1,1.526076508E0
3.222144375E0,6.926097107E0,1.917362823E0,-5.930218048E0
3.242045375E0,1.199814972E1,8.419990540E-1,1.663939819E0
3.261946375E0,7.390581207E0,5.023553467E-1,-1.228195953E0
3.281848375E0,7.770491180E0,1.042731628E0,-2.289638672E0
3.301749375E0,1.095556778E1,-4.936734009E-1,-4.960833893E0
3.321650375E0,1.177331726E1,-8.262817383E-2,1.501228180E0
3.341551375E0,1.260932877E1,-1.189426575E0,-2.308050385E0
3.361453375E0,7.819140015E0,9.298663330E-1,-2.519859924E0
3.381354375E0,1.729458572E1,-3.547622681E-2,-1.432820435E0
3.401255375E0,7.214247894E0,3.172353058E0,-3.257825317E0
3.421156375E0,1.389410706E1,-4.679419098E0,-2.292782135E0
3.441057375E0,6.195765839E0,3.422333221E0,-1.188528442E0
3.460959375E0,1.244811401E1,4.227209473E0,2.313289490E0
3.480860375E0,2.570005646E0,-5.880072327E0,7.739954681E0
3.500761375E0,2.007445496E1,9.496701508E0,-6.129603424E0
3.520662375E0,6.202052765E0,-8.020321655E-1,1.264869690E0
3.540564375E0,1.757480301E1,-1.059945831E0,-4.800517273E0
3.560465375E0,5.057832184E0,4.674179993E0,6.285579071E0
3.580366375E0,1.113968491E1,6.858737183E-1,-1.950444031E0
3.600267375E0,-3.728746033E-1,-1.881138153E0,4.978646851E0
3.620168750E0,1.361942825E1,2.097588043E0,-4.368515625E0
3.640070750E0,3.654051361E0,-1.055305481E0,3.674109650E0
3.659971750E0,1.031669632E1,-1.830393677E0,-2.099084930E0
3.679872750E0,1.745220795E0,-1.545236664E0,4.771627350E0
3.699773750E0,1.360176498E1,2.069895630E0,-2.270179138E0
3.719675750E0,7.429350586E0,-7.201524353E-1,1.136137390E-1
3.739576750E0,1.274315048E1,1.362167358E-1,-4.975952454E0
3.759477750E0,7.099736023E0,-1.467847595E0,-2.005828857E-2
3.779378750E0,5.153932343E0,1.009051666E0,-4.864883423E-2
3.799279750E0,4.352349243E0,-1.896556091E0,-8.002359009E-1
3.819181750E0,9.861941986E0,4.303550720E-1,-1.260828094E0
3.839082750E0,1.596475113E1,-1.130449219E0,1.444196777E0
3.858983750E0,1.913770294E0,-1.636397095E0,-2.288291473E0
3.878884750E0,1.435170547E1,-6.322851562E-1,1.135089569E0
3.898786750E0,9.418713684E0,4.843927002E-1,-3.228037262E0
3.918687750E0,1.538964706E1,-1.827699280E0,6.352789307E-1
3.938588750E0,1.927287186E1,7.240443420E-1,-6.107299805E-1
3.958489750E0,1.155911270E1,-7.433541870E-1,-5.676196289E-1
3.978390750E0,1.135224289E1,-1.077758789E0,1.810784454E0
3.998292750E0,1.254391479E1,4.345164185E0,8.434959412E-1
4.018193750E0,7.022346954E0,-5.547463989E-1,1.251397705E-1
4.038094750E0,1.243658798E1,4.411326599E-1,-1.714983673E0
4.057995750E0,6.404132538E0,2.362836456E0,-1.198856964E0
4.077897750E0,9.365723877E0,3.534150696E0,9.767189026E-1
4.097798750E0,1.339399704E1,-3.011737061E0,-8.128097534E-1
4.117699750E0,6.674919434E0,2.588117981E0,2.044897614E0
4.137600750E0,6.882837067E0,-7.093748474E-1,-3.865711212E0
4.157502750E0,1.265019379E0,-4.110452271E-1,5.373974762E0
4.177403750E0,1.109492798E0,-3.394940186E-1,-2.245031433E0
4.197304750E0,1.491603195E1,-5.074447632E-1,1.511257324E0
4.217205750E0,7.413034515E0,-9.897418213E-1,-2.699636078E0
4.237107750E0,1.088521408E1,-1.279239807E0,-6.701564026E-1
4.257008750E0,8.928183746E0,5.135820007E-1,-7.725434875E-1
4.276909750E0,7.076833649E0,-7.101232910E-1,-2.640509033E-1
4.296810750E0,1.178903458E1,5.128335571E-1,6.444099426E-1
4.316712750E0,1.060155396E1,1.278191986E0,-1.120869141E0
4.336613750E0,1.412387924E1,6.972500610E-1,-1.960922241E-2
4.356514750E0,1.381851425E1,9.648934937E-1,-1.787283325E-1
4.376415750E0,1.437011719E1,2.447859650E0,-2.556833038E0
4.396317750E0,1.110810059E1,4.135899353E-1,-2.061662750E0
4.416218750E0,1.340163116E1,3.181484070E0,3.305126953E-1
4.436119750E0,1.535985901E1,8.637039185E-1,1.142274628E0
4.456020750E0,3.261268158E0,5.632786560E-1,-9.557624817E-1
4.475921750E0,1.149040558E1,9.190887451E-2,-4.368365936E0
4.495823750E0,8.974287872E0,1.187181244E0,6.665339355E0
4.515724750E0,9.078471222E0,9.265731812E-2,-7.448061676E0
4.535625750E0,5.725593567E0,-1.022224274E0,3.445984039E0
4.555526750E0,2.021591080E1,4.668342133E0,-2.666405182E0
4.575428750E0,-2.510429535E0,-2.542762299E0,1.336271210E0
4.595329750E0,9.960437164E0,2.844385071E0,-1.180744629E0
4.615230750E0,6.119873657E0,4.400848389E-1,1.350940704E0
4.635131625E0,8.585396576E0,-3.109034729E-1,-2.138902130E0
4.655033625E0,1.358514954E1,2.639910278E0,1.102607117E0
4.674934625E0,3.384761353E0,1.304088135E0,-3.404819641E0
4.694835625E0,6.185736694E0,-1.184337158E0,-4.650678864E0
4.714736625E0,6.252946930E0,1.916614380E0,-1.105600891E0
4.734638625E0,7.200925598E0,-3.838018799E-1,-2.528841248E0
4.754539625E0,1.378094238E1,9.726773071E-1,2.041604462E0
4.774440625E0,1.209365112E1,7.429051208E-1,1.240919495E0
4.794341625E0,5.440586243E0,-1.748364258E0,-1.607058105E0
4.814243625E0,1.340402618E1,8.069718933E-1,-5.767506409E-1
4.834144625E0,9.443711700E0,1.651964722E0,-2.518063660E0
4.854045625E0,1.365131195E1,-3.653901672E-1,1.027912445E0
4.873946625E0,9.339977417E0,1.916015625E-2,-2.124232635E0
4.893848625E0,1.048599426E1,1.655557251E-1,-1.638642426E0
4.913749625E0,8.762328644E0,-1.603315887E0,8.936416626E-2
4.933650625E0,1.279344589E1,-1.012344818E0,9.967771912E-1
4.953551625E0,8.127498779E0,-1.428928528E0,-1.351090393E0
4.973453625E0,1.363664246E1,-3.445534973E0,-8.611592102E-1
4.993354625E0,7.954458618E0,-6.855743408E-2,5.324427795E-1
5.013255625E0,1.135104538E1,-1.287173309E0,-1.576371918E0
5.033156625E0,1.350401825E1,6.872209167E-1,5.777984619E-2
5.053058625E0,1.094943054E1,8.720864868E-1,-2.845582581E0
5.072959625E0,9.129215698E0,5.370831299E-1,-1.727407837E0
5.092860625E0,5.702691193E0,1.040336609E0,1.481169891E0
5.112761625E0,9.535470886E0,-2.414928131E0,-6.001020813E-1
5.132663625E0,4.010011139E0,3.105292511E0,-1.574725342E-1
5.152564625E0,1.101768860E1,1.582658844E0,4.192182312E0
5.172465625E0,-1.589394836E0,-4.363426208E0,-2.928061066E0
5.192366625E0,1.100182159E1,4.110601959E0,6.397695923E-1
5.212268625E0,8.582552490E0,9.560618591E-1,8.548722839E-1
5.232169625E0,1.173873917E1,-5.162763977E-1,-3.902384949E0
5.252070625E0,9.976304169E0,6.628216553E-1,-3.568279724E0
5.271971625E0,6.733447723E0,6.294410706E-1,-3.262166290E0
5.291873625E0,7.623047791E0,1.235081635E0,-6.150709534E-1
5.311774625E0,1.382031052E1,4.134402466E-1,-9.363029480E-1
5.331675625E0,8.751551056E0,1.144519958E0,-1.368753662E0
5.351576625E0,1.306902283E1,1.974094849E0,-8.942404175E-1
5.371478625E0,1.052102142E1,-5.788462830E-1,5.242098999E-1
5.391379625E0,1.315000443E1,1.874551849E0,-1.577868805E0
5.411280625E0,1.038615189E1,-6.355783081E-1,-1.924098816E0
5.431181625E0,9.561367035E0,2.205962677E0,-2.428250427E0
5.451083625E0,1.235635483E1,-7.185058594E-2,2.601739655E0
5.470984625E0,1.383962036E1,-5.309458923E-1,-8.077203369E-1
5.490885625E0,1.149669250E1,1.952539673E0,5.601351929E-1
5.510786625E0,9.862241364E0,-2.400108948E0,-3.466341705E0
5.530688625E0,8.776698761E0,2.229912872E0,4.601431274E0
5.550589625E0,1.118444183E1,-9.821076965E-1,-1.714384918E0
5.570490625E0,9.360335083E0,-5.275030518E-1,2.972219238E0
5.590391625E0,5.033133545E0,3.638932800E-1,1.236428833E0
5.610293625E0,1.104268661E1,8.190966797E-1,1.006506958E0
5.630194958E0,1.163994461E1,1.311273193E-1,1.911674652E0
5.650095958E0,8.473279724E0,1.366658020E0,-1.808239746E-1
5.669996958E0,8.144413605E0,1.186582489E0,-1.945055237E0
5.689898958E0,6.814579010E0,1.531315613E-1,-1.546134796E0
5.709799958E0,5.971831512E0,-2.454895020E-2,-3.437751160E0
5.729700958E0,9.184001770E0,5.394781494E-1,-1.033151550E0
5.749601958E0,4.522395630E0,-7.165599060E-1,-2.257754974E0
5.769503958E0,1.277054352E1,-2.354603577E-1,2.353555756E0
5.789404958E0,8.643176422E0,3.686833191E-1,8.265811157E-1
5.809305958E0,8.315956879E0,1.734892273E-1,4.080514526E-1
5.829206958E0,1.538276138E1,-8.611592102E-1,5.674699402E-1
5.849108958E0,6.403234406E0,9.324110413E-1,-6.024971008E-1
5.869009958E0,1.245604752E1,-4.206253052E-2,-2.922971649E0
5.888910958E0,1.448852097E1,7.670050049E-1,1.171763306E0
5.908811958E0,1.240395584E1,8.306227112E-1,-7.473957825E-1
5.928713958E0,1.594095062E1,1.133742371E0,1.583856354E0
5.948614958E0,6.236780548E0,1.059796143E0,-2.690056000E0
5.968515958E0,1.054122940E1,-1.234782257E0,-1.026864624E0
5.988416958E0,1.046413971E1,1.647923126E0,5.020559692E-1
6.008318958E0,9.762698364E0,1.538800049E0,-1.648072815E0
6.028219958E0,4.934937744E0,7.849676514E-1,-5.731581116E-1
6.048120958E0,1.077728851E1,-2.065704346E-1,-6.987020416E0
6.068021958E0,1.045111679E1,-1.442999268E-1,9.873468018E-1
6.087923958E0,1.685734497E1,2.503843231E0,-4.162843323E-1
6.107824958E0,5.271887054E0,1.548380127E0,8.298742676E-1
6.127725958E0,1.057191559E1,1.212478638E-2,-2.174228668E0
6.147626958E0,5.173541565E0,2.067949677E0,-1.160386963E0
6.167528958E0,1.069481003E1,8.520281982E-1,-1.971849518E0
6.187429958E0,8.154891815E0,1.213077393E0,1.582808533E0
6.207330958E0,9.791139221E0,5.857319641E-1,-3.505709839E-1
6.227231958E0,5.801186371E0,-1.100511475E0,-2.373314667E0
6.247133958E0,1.815799026E1,-2.194436646E-1,-3.405418396E-1
6.267034958E0,6.876999207E0,1.664837952E0,3.811823273E0
6.286935958E0,9.862091675E0,-3.917353821E-1,-4.213438110E0
6.306836958E0,1.145612686E1,-1.689985657E-1,2.345921631E0
6.326738958E0,5.279072113E0,-2.452799377E0,-4.292174377E0
6.346639958E0,1.365909576E1,-1.835782471E0,-1.903292084E0
6.366540958E0,9.361981659E0,2.548001404E0,3.876937866E-2
6.386441958E0,8.214018860E0,-2.453098755E0,-1.367406464E0
6.406342958E0,1.400757111E1,3.137475586E-1,1.451681213E0
6.426244958E0,1.056877213E1,3.414699097E0,1.830693054E-1
6.446145958E0,1.304612045E1,-2.515518951E0,-2.370320892E0
6.466046958E0,1.156959091E1,-1.865121460E-1,-4.650828552E-1
6.485947958E0,6.248605957E0,-2.308050385E0,2.037263489E-1
6.505849958E0,1.220157669E1,-1.271006927E0,3.060984650E0
6.525750958E0,1.022433838E1,-6.125262451E-1,4.805007935E-2
6.545651958E0,8.161029053E0,1.316063232E0,-2.992277527E0
6.565552958E0,1.184307220E1,-3.007695465E0,-2.867586823E0
6.585454958E0,1.220337296E1,1.909579010E0,1.653162231E0
6.605355958E0,7.301217041E0,2.890189819E0,-4.086651764E0
6.625256958E0,1.055919205E1,2.736609192E0,4.535268860E0
6.645157958E0,7.073540497E0,-3.951782227E-2,-2.132166138E0
6.665059958E0,5.410199432E0,2.346071320E0,-4.608915710E-1
6.684960958E0,1.455932373E1,2.739453278E0,-2.838996277E0
6.704861958E0,7.136709137E0,5.328918457E-2,1.213975525E0
6.724762958E0,7.704029388E0,2.477348328E-1,-7.071295166E-1
6.744664958E0,6.367309113E0,-4.975653076E-1,8.292755127E-2
6.764565958E0,9.091943207E0,1.809287567E0,1.481169891E0
6.784466958E0,1.034678375E1,-2.437830505E0,1.977537689E0
6.804367958E0,1.364427658E1,4.377197571E0,-2.304607544E0
6.824268958E0,4.487817535E0,3.501219177E-1,-1.710942078E-1
6.844170958E0,1.394320496E1,-1.204994202E-1,6.243516541E-1
6.864071958E0,1.581371521E1,2.555036774E0,-6.721023560E-2
6.883972958E0,2.042876816E1,-2.607577515E-1,-1.928888855E0
6.903873958E0,6.581513672E0,-5.059478760E-2,-8.252339172E-1
6.923775958E0,5.179978180E0,2.309846649E0,-1.367107086E0
6.943676958E0,4.249513092E0,1.550775146E-1,3.815864868E0
6.963577958E0,4.948858795E0,4.832251282E0,-3.673211517E0
6.983478958E0,1.667786819E1,-1.636397095E0,-3.674708405E0
7.003380958E0,7.708669739E0,3.867058411E0,4.520150299E0
7.023281958E0,7.661368103E0,1.812880096E0,8.023315430E-1
7.043182958E0,1.848999985E1,-1.290616150E0,-1.091380463E0
7.063083958E0,9.192384338E0,1.856888580E0,-6.759942627E-1
7.082985958E0,1.085273163E1,-1.369651794E0,-2.154170380E0
7.102886958E0,1.167287613E1,-2.013612671E0,-1.219514008E0
7.122787958E0,1.372271347E1,-1.304836578E0,-1.316961365E0
7.142688958E0,5.194797363E0,-2.099084930E0,1.252445526E0
7.162590958E0,1.270932083E1,-1.212628326E0,1.777852936E0
7.182491958E0,6.548432465E0,6.538403320E-1,-5.902226257E-1
7.202392958E0,1.149833908E1,-4.141886902E-1,-1.652413788E0
7.222293958E0,3.801644440E0,1.117126923E0,9.147477722E-1
7.242194958E0,1.363155304E1,5.376818848E-1,1.678010559E-1
7.262096958E0,8.749305725E0,5.104535065E0,7.449558563E0
7.281997958E0,1.497994904E1,2.251168671E0,-6.241570587E0
7.301898958E0,8.930728455E0,-1.373693390E0,3.425177307E0
7.321799958E0,3.476819916E0,5.101092224E0,-5.037025452E-1
7.341701958E0,1.133892059E1,2.430046692E0,1.798360291E0
7.361602958E0,6.089935913E0,-3.047961731E0,-6.957681427E0
7.381503958E0,6.281836853E0,1.543590088E0,-4.755011902E0
7.401404958E0,1.929996552E1,1.751058655E0,-2.321672058E-1
7.421306958E0,1.421354279E1,-9.476792908E-1,3.074606323E0
7.441207958E0,4.825515289E0,-6.152206421E-1,-6.046077118E0
7.461108958E0,1.499551666E1,-2.020498352E0,-1.447340240E0
7.481009958E0,3.978127441E0,-7.601193237E-1,-3.455264740E0
7.500910958E0,1.137604340E1,-3.609294434E0,-1.717977448E0
7.520812958E0,7.434440002E0,-1.082249451E-1,2.020198975E0
7.540713958E0,1.201551361E1,-8.960366821E-1,-3.165916443E-1
7.560614958E0,9.839488678E0,-2.152972870E0,-1.698966980E-1
7.580515958E0,8.302185516E0,-3.649411011E-1,7.433541870E-1
7.600417958E0,1.185819077E1,2.955753479E0,4.525090027E-1
7.620318958E0,5.838309174E0,-1.754202118E0,-2.519111481E0
7.640219958E0,1.284448975E1,2.348466339E0,-8.893006897E-1
7.660120958E0,6.425088959E0,3.278781738E0,6.762936401E-1
7.680021958E0,6.569688263E0,-2.767744446E-1,-1.472787323E0
7.699923958E0,1.285107605E1,1.327738953E0,4.667444000E0
7.719824958E0,8.849746857E0,2.594105530E0,-5.623805237E-1
7.739725958E0,1.129805557E1,-1.085692291E0,-2.047741699E0
7.759626958E0,1.063807800E1,1.757046204E0,-1.767823792E-1
7.779528958E0,8.101752319E0,1.195414124E0,2.124082947E-1
7.799429958E0,9.202563171E0,3.423381042E-1,-4.378395081E-1
7.819330958E0,1.131631760E1,1.032852173E-1,-2.461631012E0
7.839231958E0,3.932472382E0,-1.668879547E0,4.370012512E0
7.859132958E0,1.033331177E1,-2.194436646E-1,3.385958862E-1
7.879034958E0,1.281066010E1,1.602417755E0,1.121168518E-1
7.898935958E0,9.872120819E0,-1.179696808E0,-6.611750793E-1
7.918836958E0,1.640034531E1,-7.688012695E-1,2.272125092E0
7.938737958E0,1.768916519E1,4.974156189E0,3.663930817E0
7.958639958E0,1.230426315E1,1.064286804E0,-1.014889526E0
7.978540958E0,2.494263153E0,1.401685181E0,-6.129753113E-1
7.998441958E0,9.255103912E0,5.039121094E0,7.173083496E-1
8.018342958E0,1.144504990E1,-3.576512604E0,-2.311193848E0
8.038244958E0,6.695277100E0,2.647544403E0,6.292913818E-1
8.058145958E0,9.287137299E0,3.708687744E0,3.772155762E-1
8.078046958E0,6.637197876E0,-2.909649353E0,6.457571411E-1
8.097947958E0,1.092982132E1,-8.985813904E-1,-5.598956909E0
8.117848958E0,1.552511536E1,9.491761780E-1,-1.736838226E0
8.137750958E0,5.610932007E0,1.647474060E0,-1.701362000E0
8.157651958E0,6.705755310E0,-1.729653168E0,-2.049837341E0
8.177552958E0,3.867956543E0,-8.761280823E-1,-6.341412964E0
8.197453958E0,4.842430115E0,1.850901031E0,-7.737409973E-1
8.217355958E0,1.361209351E1,2.595602417E-1,1.033899994E0
8.237256958E0,1.397134644E1,2.820434875E0,3.598516846E0
8.257157958E0,7.275320892E0,5.905220032E-1,-1.656605072E0
8.277058958E0,1.503937546E1,-8.403524780E-1,1.045276337E0
8.296959958E0,9.094188538E0,1.562600555E0,-2.273771667E-1
8.316861958E0,1.547422119E1,2.597398682E0,2.541415100E0
8.336762958E0,1.469748642E1,2.232607269E0,1.713935852E-1
8.356663958E0,5.834866333E0,3.998185730E-1,-2.695744171E0
8.376564958E0,5.935157776E0,2.118993530E0,-3.752247162E0
8.396466958E0,1.199590439E1,9.376501465E-1,1.113684082E0
8.416367958E0,2.957998810E0,-5.721402283E0,-8.594228210E0
8.436268958E0,2.940365479E1,7.140002289E0,2.423161011E0
8.456169958E0,4.670288086E-1,-1.996548157E0,-2.852318573E0
8.476070958E0,1.419348450E1,-1.350192261E-1,1.889371033E0
8.495972958E0,9.951306152E-1,-4.701573029E0,1.348695374E0
8.515873958E0,1.272054749E1,8.638087006E0,-1.678908691E0
8.535774958E0,5.067412262E0,-4.621938629E0,-6.499633942E0
8.555675958E0,1.050799850E1,4.031416626E0,-3.183430023E0
8.575577958E0,1.144983994E1,5.500910797E0,4.337979126E0
8.595478958E0,6.999444580E-1,-3.079096985E-1,-2.797831879E0
8.615379958E0,1.444870377E1,3.890409851E0,-8.969348145E-1
8.635280833E0,1.065469345E1,1.282682648E0,1.702858887E0
8.655181833E0,1.328232925E1,8.696914673E-2,2.759661255E0
8.675083833E0,1.083656525E1,1.514101410E0,2.296224976E0
8.694984833E0,1.525582535E1,2.314636688E0,-1.892215118E0
8.714885833E0,4.690945129E0,-1.030307465E0,-1.105002136E0
8.734786833E0,3.450774078E0,-4.861889648E-1,-1.813927917E0
8.754688833E0,1.335163513E1,6.393205261E-1,-8.463400269E-1
8.774589833E0,1.182660645E1,-4.858895874E-1,-2.960244141E0
8.794490833E0,5.658682709E0,-1.470541992E0,-1.035546570E0
8.814391833E0,1.143382324E1,1.585203552E-1,4.283342743E0
8.834292833E0,9.783954163E0,-6.231541443E-1,-3.513793030E0
8.854194833E0,1.002779709E1,-5.677693176E-1,2.002835083E-1
8.874095833E0,1.146151566E1,-3.367996216E-1,1.238225098E0
8.893996833E0,1.219049973E1,2.570155334E-1,2.644999695E-1
8.913897833E0,9.953701172E0,6.614744568E-1,-1.316362610E0
8.933799833E0,5.723198547E0,-1.691033478E0,1.573527832E0
8.953700833E0,6.846462708E0,1.215472412E0,2.998265076E-1
8.973601833E0,1.410726379E1,5.676196289E-1,-5.107379150E-1
8.993502833E0,1.105555984E1,-4.342469788E-1,-3.198847961E0
9.013404833E0,1.010668304E1,2.277663574E0,7.533833313E-1
9.033305833E0,8.679700470E0,-2.754272461E-1,1.809736633E-1
9.053206833E0,8.532257080E0,3.237767029E0,-4.311035156E-2
9.073107833E0,6.336024170E0,-2.312241669E0,-3.644471283E0
9.093008833E0,7.761958923E0,1.358275452E0,-1.134041748E0
9.112910833E0,8.723110199E0,7.499404907E-2,-2.255509644E0
9.132811833E0,8.734037476E0,1.087937622E0,-7.707472229E-1
9.152712833E0,8.511899414E0,-8.222401428E-1,-5.180726624E0
9.172613833E0,1.718441483E1,6.099815369E-1,4.437073059E0
9.192515833E0,5.797444153E0,5.405259705E-1,-3.249742126E-1
9.212416833E0,8.876541138E0,7.875123596E-1,1.843266907E0
9.232317833E0,1.069211563E1,-9.093589783E-1,-3.945195923E0
9.252218833E0,1.039228912E1,2.672542419E0,-1.609303436E0
9.272119833E0,1.270183640E1,-3.297642517E-1,-1.046324158E0
9.292021833E0,8.180638275E0,5.222639465E-1,2.656226349E0
9.311922833E0,1.132934052E1,2.655028839E0,-9.854008484E-1
9.331823833E0,8.403225403E0,4.038601685E-1,-1.614542542E0
9.351724833E0,1.521825348E1,4.662204895E0,-1.476230164E0
9.371626833E0,9.732311554E0,2.191293182E0,6.161187744E-1
9.391527833E0,7.424710236E0,1.167572021E-1,-1.170416107E0
9.411428833E0,5.717061310E0,3.725602570E0,4.503834229E0
9.431329833E0,1.744502289E1,2.374961243E0,-5.037474518E0
9.451230833E0,9.650731201E0,3.016227722E-1,1.461560669E0
9.471132833E0,8.124954071E0,4.327500916E-1,-5.316344604E0
9.491033833E0,6.475534058E0,1.438508606E-1,8.855584717E-1
9.510934833E0,5.774541779E0,2.731370087E0,-1.092428284E0
9.530835833E0,8.424930267E0,-1.946701813E0,-1.764530640E0
9.550737833E0,1.017299515E1,3.433110809E0,-1.562600555E0
9.570638833E0,7.873626709E0,-3.858226776E0,-5.022206268E0
9.590539833E0,7.461084595E0,5.403762817E-2,2.948867798E-1
9.610440833E0,9.941875763E0,-9.475296021E-2,2.420466614E-1
9.630341458E0,1.330059128E1,-1.883832550E0,3.005749512E-1
9.650243458E0,1.300989578E1,-2.171983337E-1,-1.737886047E0
9.670144458E0,1.336256241E1,-8.722361755E-1,-1.558259583E0
9.690045458E0,1.068073929E1,3.264710999E-1,1.163680115E0
9.709946458E0,1.095017899E1,4.195774841E-1,-8.391549683E-1
9.729848458E0,1.289777893E1,1.482068024E0,-2.582130432E-1
9.749749458E0,1.480526230E1,3.731739807E-1,-5.984555054E-1
9.769650458E0,7.382647705E0,1.700613556E0,7.071295166E-1
9.789551458E0,8.325986023E0,8.421487427E-1,-2.051034851E0
9.809452458E0,1.285197418E1,2.103425903E0,1.778302002E0
9.829354458E0,1.079749649E1,5.807922363E-1,-5.067561951E0
9.849255458E0,1.174442734E1,1.773362274E0,1.222208405E0
9.869156458E0,6.130202179E0,3.821403351E0,-8.599617004E-1
9.889057458E0,-3.686982880E0,-9.892927551E-1,2.143692169E0
9.908959458E0,9.439520416E0,-5.165757751E-1,-3.358565826E0
9.928860458E0,1.283775375E1,4.062252502E0,-1.039438477E0
9.948761458E0,5.963748322E0,1.371298370E0,-9.759704590E-1
9.968662458E0,4.335883484E0,-4.144880676E-1,2.255659332E0
9.988563458E0,5.581293640E0,2.192640381E0,7.103328552E0
1.000846546E1,8.661887512E0,1.738035736E0,-1.080303497E0
1.002836646E1,1.719100113E1,-9.086105347E-1,-1.426533508E0
1.004826746E1,1.195309341E1,4.834646301E0,-1.173409882E0
1.006816846E1,1.556508224E1,-1.282532959E0,-2.282154236E0
1.008807046E1,1.094344299E1,-1.368603973E0,-1.734293518E0
1.010797146E1,1.889326126E1,4.043691101E0,-6.312373352E-1
1.012787246E1,7.567812653E0,-2.543211365E-1,1.898052979E-1
1.014777346E1,1.025996429E1,-4.447251892E-1,8.940907288E-1
1.016767446E1,1.204814575E1,2.274819489E0,2.212548981E0
1.018757646E1,1.435724396E1,1.219663696E0,-6.703060913E-1
1.020747746E1,1.229752716E1,5.111869812E-1,-1.920506287E-1
1.022737846E1,5.985303497E0,-1.606159973E-1,-2.926414490E0
1.024727946E1,9.305698700E0,1.864822083E0,-1.272653503E0
1.026718146E1,4.559668121E0,7.370672607E-1,-2.730322266E-1
1.028708246E1,1.338681198E1,1.130449219E0,-2.699636078E0
1.030698346E1,1.237731125E1,3.927233276E0,4.742138672E-1
1.032688446E1,9.600735168E0,-3.661386108E-1,-4.758604431E0
1.034678546E1,1.879641266E0,5.698649597E-1,-3.116668854E0
1.036668746E1,4.889582062E0,1.326840820E0,-9.759704590E-2
1.038658846E1,1.391386597E1,2.969225464E0,-1.225950623E-1
1.040648946E1,6.211782532E0,-1.858086090E0,-3.072510681E0
1.042639046E1,1.032912048E1,1.179098053E0,-4.543052673E0
1.044629246E1,1.046638504E1,1.913021851E-1,5.065466309E-1
1.046619346E1,6.599176941E0,-9.596543884E-1,-2.134710846E0
1.048609446E1,1.224109451E1,6.996450806E-1,-8.768765259E-1
1.050599546E1,1.294867310E1,1.127754822E0,-1.352138214E0
1.052589746E1,8.352031860E0,-6.735992432E-1,-3.477867737E0
1.054579846E1,1.262265106E1,6.412664795E-1,-1.624421997E0
1.056569946E1,5.751340027E0,1.094823303E0,4.493655396E-1
1.058560046E1,1.582389404E1,2.304906921E0,3.968247986E-1
1.060550146E1,1.329849564E1,8.384065247E-1,1.410965881E0
1.062540346E1,1.490061401E1,3.105442200E0,-2.282603302E0
1.064530458E1,6.665788422E0,2.004781036E0,-2.304757233E0
1.066520558E1,-6.851252747E-1,6.360273743E-1,-4.296365662E0
1.068510658E1,1.167586990E1,2.500849457E0,-1.378633118E-1
1.070500858E1,1.186552551E1,4.393363953E0,5.715714111E0
1.072490958E1,6.223308563E0,1.528770905E0,-3.660487976E0
1.074481058E1,2.016830978E1,5.502707062E0,4.171824646E-1
1.076471158E1,-1.298998718E0,-6.182144165E-2,-6.725364532E0
1.078461358E1,6.769223328E0,-2.275268555E0,1.457818451E0
1.080451458E1,1.228525269E1,4.071533203E0,4.247267761E0
1.082441558E1,8.691376190E0,-8.595126343E-1,-2.690654755E0
1.084431658E1,9.961484985E0,1.385069733E0,-6.788982239E0
1.086421758E1,5.394931183E0,1.179397430E0,3.530109100E0
1.088411958E1,1.034064651E1,5.161267090E-1,-2.331401825E0
1.090402058E1,1.520029083E1,2.586770782E0,3.464545441E0
1.092392158E1,1.452190155E1,3.478915558E0,-3.158432007E0
1.094382258E1,9.917925568E0,-2.980302429E-1,-1.024619293E0
1.096372458E1,1.401685181E1,3.375630341E0,-5.366340637E-1
1.098362558E1,3.296295319E0,2.694396973E-2,8.083190918E-1
1.100352658E1,5.894442444E0,-1.438508606E0,-4.111949158E0
1.102342758E1,1.201296890E1,1.730850677E0,2.708018646E0
1.104332958E1,1.065933380E1,-2.767744446E-1,-2.423610077E0
1.106323058E1,6.646029510E0,-2.181713104E0,-6.286926270E-1
1.108313158E1,1.157408157E1,1.613644409E0,1.505718842E0
1.110303258E1,1.221459961E-1,-5.065466309E-1,1.248703308E0
1.112293458E1,1.298938843E1,-1.143771515E0,-1.105301514E0
1.114283558E1,5.616320801E0,-6.277944946E-1,-1.484163666E0
1.116273658E1,1.283191589E1,1.043480072E0,-1.056353302E0
1.118263758E1,9.536967773E0,-9.183403015E-1,3.124153290E0
1.120253958E1,5.372178497E0,1.219663696E0,-1.037043457E0
1.122244058E1,1.279853531E1,1.349443817E0,1.438209229E0
1.124234158E1,1.073911789E1,3.353027344E-1,3.318598938E-1
1.126224258E1,1.057969940E1,1.447489929E0,-1.999092865E0
1.128214458E1,8.898695068E0,3.321592712E-1,-2.603835297E0
1.130204558E1,1.153680908E1,2.644700317E0,-5.200186157E-1
1.132194658E1,1.118698654E1,1.539398804E0,1.312171326E0
1.134184758E1,1.737496857E1,1.236428833E0,-7.574249268E-2
1.136174958E1,1.263836838E1,2.627186737E0,-1.497635651E0
1.138165058E1,1.357003098E1,-3.124302979E0,8.180488586E-1
1.140155158E1,6.663842468E0,-3.299588470E0,4.922962646E0
1.142145258E1,5.849086761E0,-1.709445190E0,8.587641907E-1
1.144135458E1,1.128293701E1,-3.638034668E0,5.275030518E-1
1.146125558E1,1.139011414E1,-5.644761658E-1,-2.732717285E0
1.148115658E1,1.209724365E1,1.422940979E0,-2.958148499E0
1.150105758E1,7.466024323E0,-1.316512299E0,1.128802643E0
1.152095958E1,3.822151794E0,1.597028961E0,1.588796082E0
1.154086058E1,5.353617096E0,-9.220825195E-2,-1.817221069E0
1.156076158E1,1.172272247E1,2.396666107E0,5.578898621E-1
1.158066258E1,5.960305481E0,-2.083966370E0,9.780661011E-1
1.160056458E1,5.658383331E0,3.814367981E0,-1.911974030E0
1.162046558E1,6.712790680E0,2.770738220E-1,-1.072819061E0
1.164036708E1,6.502478027E0,-1.546284485E-1,-4.251159668E-2
1.166026808E1,1.166778671E1,4.453838196E0,2.598596191E-1
1.168017008E1,1.252161118E1,1.118773499E0,1.779798889E-1
1.170007108E1,6.808142395E0,-1.863624573E-1,-2.551743622E0
1.171997208E1,8.057743835E0,2.194137268E0,1.077758789E-1
1.173987308E1,1.176433594E1,2.631677399E0,4.076173553E0
1.175977508E1,1.119072876E1,2.174378357E0,4.086502075E-2
1.177967608E1,1.242281662E1,-8.505313110E-1,-1.696721649E0
1.179957708E1,1.659808411E1,5.593418427E0,3.495231628E-1
1.181947808E1,9.277557220E0,-6.406677246E-1,8.499325562E-1
1.183938008E1,1.099224152E1,9.075627136E-1,-2.757266235E-1
1.185928108E1,8.302335205E0,1.027463379E0,9.099577332E-1
1.187918208E1,1.624781250E1,-3.914360046E-1,-2.748733978E0
1.189908308E1,9.742640076E0,-1.016685791E0,-7.150630188E-1
1.191898508E1,9.599088593E0,2.688409424E-1,-6.300398254E-1
1.193888608E1,7.792645111E0,-9.702822876E-1,2.188000031E0
1.195878708E1,1.342857513E1,1.703457642E-1,-2.379900970E0
1.197868808E1,6.035149841E0,2.514770508E-1,3.453318787E-1
1.199859008E1,9.547895050E0,3.820056152E-1,5.044509888E-1
1.201849108E1,9.934690704E0,2.217937775E0,1.255588989E0
1.203839208E1,8.292156372E0,2.154469757E0,-7.620652771E-1
1.205829308E1,9.740095367E0,-8.364605713E-1,-1.498533783E0
1.207819508E1,1.104313568E1,1.148112488E0,-1.069226532E0
1.209809608E1,9.174272003E0,-1.042282562E0,-2.516267395E-1
1.211799708E1,5.521567841E0,3.740571442E0,2.605332184E0
1.213789808E1,7.205116882E0,-3.435805206E0,1.307530975E0
1.215780008E1,7.096442871E0,3.088078308E-1,-7.215894470E0
1.217770108E1,1.467114120E1,2.989732819E0,-1.108894043E0
1.219760208E1,1.547946030E1,1.848506012E0,1.043240570E1
1.221750308E1,6.925648041E0,1.711391144E0,-3.273692322E0
1.223740508E1,1.211775101E1,-7.098239136E-1,-6.580316162E-1
1.225730608E1,1.190025330E1,2.136357422E0,-6.403683472E0
1.227720708E1,9.592352600E0,6.517446899E-1,4.349654846E0
1.229710808E1,9.480984192E0,4.275109863E-1,-6.836283875E-1
1.231701008E1,9.395960999E0,9.892927551E-1,1.623374176E0
1.233691108E1,6.655010834E0,9.684860229E-2,-5.673202515E0
1.235681208E1,1.185055664E1,9.970765686E-1,-9.523196411E-1
1.237671308E1,7.878716125E0,-5.201683044E-1,-2.273472290E0
1.239661508E1,8.143665161E0,2.314187622E0,-4.941224670E-1
1.241651608E1,8.673263855E0,-1.856140137E-1,-4.637356567E-1
1.243641708E1,9.210047607E0,6.807843018E-1,-3.957320709E0
1.245631808E1,5.461542664E0,-1.863325195E0,-1.244661713E0
1.247622008E1,1.607207794E1,4.567601624E0,1.454525299E0
1.249612108E1,-1.722917175E-1,-6.307583313E0,-8.789721680E-1
1.251602208E1,1.312829956E1,4.602928162E0,-4.489613800E0
1.253592308E1,1.113848740E1,-7.441026306E-1,-5.599256287E0
1.255582508E1,9.060358887E0,2.393971710E0,-3.156935120E0
1.257572608E1,1.528845749E1,-1.360670471E0,1.894460449E0
1.259562708E1,9.381890259E0,3.286116486E0,-1.989363098E0
1.261552808E1,1.324984680E1,2.315085754E0,2.107617188E-1
1.263543246E1,4.443659363E0,6.024372253E0,3.725452881E0
1.265533346E1,6.254892883E0,-1.233884125E0,-8.948391724E-1
1.267523446E1,1.408810364E1,4.855902100E-1,1.666634216E0
1.269513546E1,1.809167816E1,8.826245728E0,-3.976780243E0
1.271503746E1,8.976682892E0,-7.090605011E0,-4.630919952E0
1.273493846E1,7.168742523E0,3.550616455E0,-5.322481842E0
1.275483946E1,4.319268036E0,-1.286724243E0,4.866529999E0
1.277474046E1,8.506061554E0,-1.445394287E0,3.535198517E0
1.279464146E1,1.134790192E1,2.445913696E-1,1.159937897E0
1.281454346E1,1.086829926E1,-3.517684937E-2,-1.422791290E0
1.283444446E1,1.000968475E1,-2.089205475E0,-1.413360901E0
1.285434546E1,2.222428436E0,2.731220398E0,7.547305298E-1
1.287424646E1,3.926035767E0,-3.133733368E0,-7.112758942E0
1.289414846E1,2.010080017E1,3.063978424E0,2.708916779E0
1.291404946E1,5.984555054E0,-1.541943512E0,-2.409689026E0
1.293395046E1,7.978408813E0,2.147284698E0,1.636546783E0
1.295385146E1,1.065604065E1,-5.634582825E0,-1.102008362E0
1.297375346E1,8.418044586E0,5.678291931E0,-3.957769775E-1
1.299365446E1,1.053853500E1,-8.988807678E-1,-6.727011108E-1
1.301355546E1,9.347910919E0,5.388793945E-3,-2.394570465E0
1.303345646E1,9.914482727E0,1.965263214E0,-3.333118744E0
1.305335846E1,7.992030487E0,5.653742981E-1,-2.015558624E0
1.307325946E1,1.520792496E1,1.837129669E0,-3.924838257E-1
1.309316046E1,9.787846069E0,2.487227783E0,1.255588989E0
1.311306146E1,9.302106171E0,-4.605323181E0,-3.498973846E0
1.313296346E1,1.771730667E1,6.974745941E0,-2.997666321E0
1.315286446E1,7.635921021E0,-1.686093750E0,-3.372486877E0
1.317276546E1,8.202642517E0,7.105723572E-1,-1.989961853E0
1.319266646E1,8.680299225E0,-1.969005432E0,1.833836517E0
1.321256846E1,1.111169312E1,1.898801422E0,-2.223027191E0
1.323246946E1,9.392218781E0,-2.680176544E0,-1.858086090E0
1.325237046E1,8.837173004E0,3.321742401E0,-4.754113770E-1
1.327227146E1,7.359296265E0,-2.842588806E0,1.163231049E0
1.329217346E1,5.984105988E0,-2.278262329E-1,4.129911804E-1
1.331207446E1,1.356344467E1,2.719095612E0,2.203417969E-1
1.333197546E1,5.869294739E0,-2.526296539E0,-3.563789062E0
1.335187646E1,1.313398773E1,4.841382294E0,-7.385641479E-1
1.337177846E1,9.289532318E0,8.310717773E-1,-3.209924927E0
1.339167946E1,8.599018250E0,3.847000122E-1,-4.284390564E0
1.341158046E1,4.857398987E0,3.891008606E0,-8.390052795E-1
1.343148146E1,8.318950653E0,1.607357483E0,-2.116598511E-1
1.345138346E1,1.541913574E1,-1.697470093E-1,4.968168640E-1
1.347128446E1,1.472502914E1,3.687431946E0,8.863069153E-1
1.349118546E1,1.699161575E1,1.471589813E0,8.378077698E-1
1.351108646E1,1.071576645E1,-9.294172668E-1,-2.389481049E0
1.353098846E1,1.008452911E1,2.489772491E0,-2.900069275E0
1.355088946E1,6.379284210E0,-2.561473389E0,8.613088989E-1
1.357079046E1,7.607629852E0,2.207758942E0,-4.225862274E0
1.359069146E1,1.099568436E1,-2.592608643E-1,1.406924286E0
1.361059346E1,1.182226547E1,1.139280853E0,1.742825775E0
1.363049200E1,1.068103867E1,-1.920506287E-1,6.114784241E-1
1.365039300E1,5.276677094E0,-2.778222656E-1,-1.008003845E0
1.367029400E1,1.266965332E1,1.885628815E0,-1.087787933E0
1.369019600E1,6.071075134E0,-2.296224976E-1,1.041384430E0
1.371009700E1,9.774972839E0,9.657916260E-1,-3.632645874E0
1.372999800E1,3.500021667E0,3.113525391E-1,1.658850403E0
1.374990000E1,1.138457565E1,1.296903076E0,-4.154161377E0
1.376980100E1,7.974067841E0,8.165519714E-1,1.075064392E0
1.378970200E1,1.215008377E1,2.040556641E0,-1.501976624E0
1.380960300E1,1.261456787E1,6.059399414E-1,3.321742401E0
1.382950500E1,7.480993195E0,-1.020577698E0,-2.565065918E0
1.384940600E1,1.227507385E1,3.476670227E0,3.578308868E0
1.386930700E1,9.473499756E0,-9.797126770E-1,-1.930385742E0
1.388920800E1,1.288310944E1,6.154302063E0,-2.152074738E0
1.390911000E1,1.195473999E1,1.494791565E0,1.047821045E-2
1.392901100E1,1.307845322E1,2.754272461E0,-5.388195190E0
1.394891200E1,8.791368256E0,1.409918060E0,2.504591675E0
1.396881300E1,9.695787506E0,1.303639069E0,-2.266586609E0
1.398871500E1,9.331445160E0,1.062490540E0,2.075583801E0
1.400861600E1,8.560847626E0,-3.353027344E-1,-3.959865417E0
1.402851700E1,1.200204163E1,1.301992493E0,-6.017486572E-1
1.404841800E1,1.251771927E1,2.186652832E0,-5.589376831E-1
1.406832000E1,4.967869263E0,4.590953064E-1,3.002755737E0
1.408822100E1,8.801696777E0,4.251159668E-1,1.003363495E0
1.410812200E1,8.893455963E0,2.000889130E0,-2.589614868E-1
1.412802400E1,1.203706879E1,-4.326004028E-2,-2.359692993E0
1.414792500E1,9.111253052E0,5.849835205E-1,-3.189716949E0
1.416782600E1,1.246233444E1,1.052910461E0,-6.213578796E-1
1.418772700E1,1.207868225E1,-1.242416382E-2,5.854325867E-1
1.420762900E1,1.159099640E1,1.611099701E0,-8.617579651E-1
1.422753000E1,8.316855011E0,1.576222229E-1,-2.763253784E-1
1.424743100E1,7.236850891E0,-3.022215271E-1,1.356179810E-1
1.426733200E1,8.214767303E0,2.268831940E0,-2.471360779E-1
1.428723400E1,1.452669159E1,-6.527925110E-1,1.391656036E0
1.430713500E1,1.018167709E1,2.765199738E0,5.553451538E-2
1.432703600E1,1.065169968E1,-4.418811035E-1,-3.713777161E-1
1.434693700E1,1.110869934E1,-2.112107849E-1,-1.130898285E0
1.436683900E1,6.697522430E0,9.668394470E-1,-2.371967468E0
1.438674000E1,7.870632935E0,-2.486928406E0,-5.744304657E0
1.440664100E1,1.272324188E1,1.611848145E0,-9.795629883E-1
1.442654300E1,1.239617203E1,-3.927832031E-1,-9.916877747E-1
1.444644400E1,7.365134125E0,2.123633881E0,-9.590556335E-1
1.446634500E1,4.730462952E0,7.214996338E-2,3.716770935E-1
1.448624600E1,9.808802490E0,9.413923645E-1,2.118843842E0
1.450614800E1,1.001806732E1,1.927541656E0,-1.067879333E0
1.452604900E1,1.455962311E1,7.402107239E-1,2.409988403E-2
1.454595000E1,-8.628057861E-1,2.064656525E0,-1.824855194E0
1.456585100E1,8.585246887E0,-5.939648438E-1,-1.445993042E0
1.458575200E1,1.417192932E1,2.476001129E0,3.139720917E0
1.460565300E1,5.783223724E0,2.330204315E0,-1.817370758E0
1.462555400E1,2.193343918E1,2.797083435E0,2.025288391E-1
1.464545533E1,6.446644135E0,1.753603363E0,-4.546046448E-1
1.466535633E1,9.509724426E0,2.145189056E0,-1.956132202E0
1.468525733E1,1.089943451E1,6.339317322E-1,2.380050659E-2
1.470515833E1,7.770191803E0,2.070494385E0,-4.963677979E-1
1.472506033E1,7.341483307E0,-2.018552399E0,7.017407227E-1
1.474496133E1,1.055410263E1,4.754712524E0,-8.786727905E-2
1.476486233E1,7.992180176E0,-1.001417542E-1,2.535726929E-1
1.478476333E1,1.110495712E1,1.660047913E-1,-3.257226562E-1
1.480466533E1,1.083431992E1,2.233056335E0,-1.596430206E0
1.482456633E1,9.129215698E0,-8.566685486E-1,6.550378418E-1
1.484446733E1,6.682254181E0,1.291963348E0,-1.506167908E0
1.486436933E1,1.083521805E1,-5.396278381E-1,-1.469194794E0
1.488427033E1,7.278464355E0,-9.613009644E-1,-3.100352783E0
1.490417133E1,1.267953278E1,-6.586303711E-2,-2.004781036E0
1.492407233E1,7.481292572E0,4.818479919E-1,-1.836680603E-1
1.494397433E1,9.094787292E0,-5.586383057E-1,-5.393284607E-1
1.496387533E1,9.085207214E0,9.216334534E-1,1.739382935E0
1.498377633E1,1.133877090E1,1.507365417E0,-1.981279907E0
1.500367733E1,1.141017242E1,1.871109009E-2,-2.254461823E0
1.502357933E1,8.331524506E0,1.874102783E-1,-2.236499176E0
1.504348033E1,1.317799622E1,1.580563202E0,2.983894958E0
1.506338133E1,1.060918808E1,6.493496704E-1,1.663341064E0
1.508328333E1,8.803493042E0,-8.457412720E-1,-9.282197571E-1
1.510318433E1,2.224823456E1,3.647465057E0,1.579665070E0
1.512308533E1,8.615484009E0,-1.127156067E0,9.699829102E-2
1.514298633E1,2.476599884E0,-7.357200623E-1,-8.756790161E-1
1.516288833E1,6.977889404E0,3.156036987E0,1.634750519E0
1.518278933E1,1.164084274E1,-1.374142456E-1,-3.343746643E0
1.520269033E1,1.235949829E1,1.441502380E-1,-3.067121887E0
1.522259133E1,1.158620636E1,1.751358032E-2,-3.526217194E0
1.524249333E1,1.082608704E1,1.181343384E0,4.420756989E0
1.526239433E1,2.215991821E0,-7.613168335E-1,-1.501078491E0
1.528229533E1,1.066891388E1,-1.427581329E0,-4.934189301E0
1.530219733E1,1.024963577E1,2.106120300E0,-2.400707703E0
1.532209833E1,1.396984955E1,7.197033691E-1,-5.248086548E-1
1.534199933E1,6.355184326E0,2.541714478E-1,-1.104253693E0
1.536190033E1,9.460476837E0,1.519190826E0,5.638774109E-1
1.538180233E1,4.234993286E0,5.792953491E-2,-6.394702148E-1
1.540170333E1,7.791447601E0,-5.688171387E-3,-4.467609558E0
1.542160433E1,9.823172607E0,3.018622742E0,1.203347626E0
1.544150533E1,1.296334259E1,-2.173480225E-1,-2.915487213E0
1.546140733E1,8.465795288E0,1.061293030E0,5.444178772E-1
1.548130833E1,8.972790985E0,-1.571881256E0,6.108796692E-1
1.550120933E1,1.565654205E1,4.413571930E0,6.296656036E0
1.552111033E1,4.010609894E0,-4.583768005E0,-3.791465607E0
1.554101233E1,1.103804626E1,3.752247162E0,-5.756878510E0
1.556091333E1,1.448253342E1,1.491049347E0,2.349514160E0
1.558081433E1,1.316018326E1,-2.759212189E0,3.612737274E0
1.560071533E1,1.154414383E1,5.459896088E0,1.771266632E0
1.562061733E1,7.833809509E0,7.694000244E-2,2.261197815E0
1.564051850E1,8.340206451E0,-4.989125061E-1,-7.769143982E0
1.566041950E1,1.210098587E1,7.535330200E-1,3.130290527E0
1.568032150E1,7.276219025E0,3.260819092E0,-4.451443176E0
1.570022250E1,2.418820038E0,-5.037474518E0,1.429976349E0
1.572012350E1,1.571581879E1,6.600823517E0,-3.960464172E0
1.574002450E1,1.286978714E1,-2.148631897E0,1.163680115E0
1.575992650E1,6.302344208E0,-1.864672394E0,-2.404150543E0
1.577982750E1,6.406527557E0,3.817062378E-2,-7.613168335E-1
1.579972850E1,9.966873779E0,1.574725342E-1,-7.090754700E-1
1.581962950E1,2.937790833E0,-1.459914093E0,1.898801422E0
1.583953150E1,1.206311462E1,-5.284011841E-2,-2.248474274E0
1.585943250E1,6.853348389E0,-4.544549561E-1,-2.142943726E0
1.587933350E1,5.648653564E0,-1.069376221E0,-3.411106567E0
1.589923450E1,1.231279541E1,1.759590912E0,5.513933716E0
1.591913650E1,1.010698242E1,1.629212036E0,-2.501298523E-1
1.593903750E1,1.041144928E1,3.217109985E0,-6.406677246E-2
1.595893850E1,1.510299316E1,-5.748046875E-2,9.054670715E-1
1.597884050E1,8.459658051E0,2.431393890E0,-1.657054138E0
1.599874150E1,8.136031036E0,1.398841095E0,1.093625793E0
1.601864250E1,1.042462189E1,1.672023010E0,2.730322266E0
1.603854350E1,1.568947357E1,-4.830455017E-1,-5.740562439E-1
1.605844550E1,1.422836197E1,2.964136047E0,-1.181792450E0
1.607834650E1,1.047910858E1,2.686164093E0,5.767506409E-1
1.609824750E1,9.419462128E0,1.075812836E0,-2.713257751E0
1.611814850E1,8.763675842E0,1.466949463E-2,-1.158291321E0
1.613805050E1,1.148890869E1,1.565294952E0,9.099577332E-1
1.615795150E1,1.128158981E1,-1.640588379E-1,1.112785950E0
1.617785250E1,5.537434845E0,6.436614990E-3,-1.596280518E0
1.619775350E1,5.428311768E0,1.191671906E0,-1.505569153E0
1.621765550E1,5.254672852E0,-2.993774414E-1,1.203497314E-1
1.623755650E1,1.270976990E1,8.936416626E-2,3.473676453E0
1.625745750E1,1.209724365E1,-3.108286285E0,3.776496735E0
1.627735950E1,1.426503571E1,2.847977600E0,-4.927004242E0
1.629726050E1,1.165641037E1,-2.049687653E0,9.719288635E-1
1.631716150E1,6.015989685E0,1.731898499E-1,-2.996768188E0
1.633706250E1,7.917934570E0,-1.296903076E0,5.902226257E-1
1.635696450E1,1.095377151E1,6.373745728E-1,-2.419269104E0
1.637686550E1,6.823111267E0,-2.195933533E0,-6.758445740E-1
1.639676650E1,7.485034790E0,-3.496878204E0,-2.590063934E0
1.641666750E1,1.084210373E1,-8.011340332E-1,9.159452820E-1
1.643656950E1,1.202823715E1,2.272873535E0,-2.806214447E0
1.645647050E1,1.065154999E1,-3.693569183E0,-2.952610016E0
1.647637150E1,1.108280319E1,2.711611176E0,-4.049528961E0
1.649627250E1,7.414232025E0,8.767268372E-1,-1.101409607E0
1.651617450E1,1.238135284E1,3.131488037E-1,-1.147064667E0
1.653607550E1,1.032268387E1,1.650916901E0,-1.947001190E0
1.655597650E1,1.412851959E1,-4.146377563E-2,-2.627186737E0
1.657587850E1,8.276738434E0,6.647676086E-1,-2.520758057E-1
1.659577950E1,1.189546326E1,2.197280731E0,-3.802093506E-2
1.661568050E1,1.021176453E1,-4.861889648E-1,3.968247986E-1
1.663558100E1,1.155028107E1,6.849755859E-1,-2.671344910E0
1.665548300E1,8.915759583E0,-1.105002136E0,-7.490423584E-1
1.667538400E1,6.752907257E0,4.166585541E0,-5.953120422E-1
1.669528500E1,1.022613464E1,-2.094594269E0,1.760339355E-1
1.671518600E1,1.005025040E1,1.476828918E0,-4.641996918E0
1.673508800E1,5.976771240E0,6.361770630E-1,3.375480652E-1
1.675498900E1,1.845362549E0,-1.146316223E0,-1.869612122E-1
1.677489000E1,1.047222290E1,4.051624603E0,6.436614990E-1
1.679479100E1,4.836891632E0,-2.377805328E0,-2.506986694E0
1.681469300E1,6.095624084E0,-4.622387695E-1,-8.709338837E0
1.683459400E1,1.067145859E1,3.169508972E0,6.925348663E0
1.685449500E1,1.268641846E1,-5.789959717E-1,-5.792953491E-2
1.687439600E1,2.210528183E1,7.115752716E0,6.217620392E0
1.689429800E1,6.919959869E0,1.447040863E0,-4.967719574E0
1.691419900E1,1.642624146E1,8.083190918E-1,-4.363426208E-1
1.693410000E1,2.874173126E0,1.410067749E0,-1.366508331E0
1.695400100E1,1.575114532E1,2.425705719E0,2.091450806E0
1.697390300E1,1.455917404E1,7.786807251E-1,-2.057770844E0
1.699380400E1,1.460288315E1,3.393592987E0,-9.089099121E-1
1.701370500E1,8.329129486E0,-1.544787598E0,-1.224453735E-1
1.703360700E1,1.750729340E1,4.002227325E0,3.757186890E0
1.705350800E1,9.031019897E0,-1.361867981E0,-3.489693146E0
1.707340900E1,1.127156067E1,7.429051208E-1,-2.645598450E0
1.709331000E1,3.337459717E0,8.223898315E-1,-4.132606201E0
1.711321200E1,1.031055908E1,1.620979156E0,6.348298645E-1
1.713311300E1,7.360344086E0,1.074765015E-1,3.733236694E-1
1.715301400E1,8.950637054E0,1.437311096E0,-5.722450104E0
1.717291500E1,5.591322784E0,-1.867965546E0,1.852846985E0
1.719281700E1,1.403271881E1,1.695075073E0,1.278042297E0
1.721271800E1,6.505471802E-1,-1.077609100E0,1.456620941E0
1.723261900E1,5.566624146E0,-2.628683624E0,-1.680555267E0
1.725252000E1,8.589737549E0,5.145849152E0,9.235794067E-1
1.727242200E1,4.140390015E-1,-2.990481262E0,-2.775977325E0
1.729232300E1,5.056934052E0,7.964936829E-1,1.868863678E0
1.731222400E1,9.488768005E0,4.498894501E0,-1.698966980E-1
1.733212500E1,1.177601166E1,-7.708969116E-1,-3.300785980E0
1.735202700E1,2.049088898E1,3.076701965E0,-8.800199890E-1
1.737192800E1,5.786067810E0,-1.760339355E-1,1.931732941E0
1.739182900E1,1.295615753E1,-2.593207397E0,-1.428928528E0
1.741173100E1,1.114701965E1,1.674118652E0,-7.209008789E-1
1.743163200E1,1.365505417E1,7.554789734E-1,-3.358266449E0
1.745153300E1,1.494237717E1,-1.804647217E0,-2.615061951E-1
1.747143400E1,1.481843491E1,2.350412292E0,-1.706750793E0
1.749133600E1,1.217807556E1,1.134640503E-1,9.051676941E-1
1.751123700E1,2.003388931E1,2.622396698E0,-3.428021393E0
1.753113800E1,8.600964203E0,-1.474134521E0,-1.382375336E0
1.755103900E1,4.234843597E0,4.028123474E-1,-7.198979645E0
1.757094100E1,1.273925858E1,-5.396278381E-1,2.572101288E0
1.759084200E1,1.072819061E0,-9.719288635E-1,-2.248773651E0
1.761074300E1,1.760953079E1,3.160527649E0,1.710493011E0
1.763064400E1,6.258186035E0,-2.888992310E-2,2.611319733E0
1.765054662E1,8.610095215E0,3.733835449E0,1.643582153E-1
1.767044763E1,4.096531219E0,1.445993042E-1,-7.571255493E-1
1.769034863E1,1.077534256E1,2.929408264E0,4.827461243E-1
1.771024963E1,5.881718903E0,2.708916779E0,-4.505630493E-2
1.773015163E1,7.248975677E0,-1.247356110E0,-5.192701721E-1
1.775005262E1,5.043162689E0,3.843856659E0,1.778601379E0
1.776995363E1,6.800807648E0,2.275268555E-1,-5.565875702E0
1.778985463E1,1.251173172E1,3.794309692E0,-3.421285400E0
1.780975663E1,5.300926666E0,-7.613168335E-1,6.547384644E-1
1.782965762E1,1.206880280E1,4.194128265E0,-1.960772552E0
1.784955862E1,2.402953033E0,-9.334588623E-1,-1.039288788E0
1.786945963E1,1.378363678E1,1.972897339E0,-4.302502899E0
1.788936163E1,7.608527985E0,1.489103394E0,-1.037043457E0
1.790926263E1,1.529040344E1,1.498234406E0,-3.392994232E0
1.792916362E1,5.965394897E0,-1.052162018E0,6.135740662E-1
1.794906562E1,1.477756989E1,1.493743744E0,-2.474953308E0
1.796896662E1,8.030949554E0,-1.375190277E0,3.152444458E-1
1.798886763E1,1.232297424E1,1.952689362E0,-4.004921722E0
1.800876863E1,8.953331451E0,-1.838177490E-1,1.504671021E0
1.802867063E1,1.126931534E1,2.628533936E0,-2.530038757E0
1.804857162E1,1.670346497E1,3.134781189E0,1.772314453E-1
1.806847263E1,5.216801605E0,-1.265468445E0,-3.382216644E0
1.808837363E1,1.430395477E1,1.562750244E-1,-3.805386658E0
1.810827563E1,4.476441193E0,2.134860535E0,3.246448975E0
1.812817663E1,1.459390182E1,-8.723858643E-1,2.884501648E-1
1.814807762E1,8.070617065E0,2.466121674E0,-3.389252014E0
1.816797863E1,8.408763885E0,2.195334778E0,-1.289718018E0
1.818788063E1,9.660311279E0,1.896855469E0,3.794609070E-1
1.820778163E1,1.159922928E1,3.241808624E0,1.151106262E0
1.822768263E1,9.584568787E0,2.385888519E0,-3.288960571E0
1.824758362E1,8.719068604E0,-1.151854706E0,4.888833618E-1
1.826748562E1,9.356742554E0,1.379082184E0,-2.421664124E0
1.828738663E1,3.588338013E0,-4.023632813E-1,-8.252339172E-1
1.830728763E1,1.186492676E1,2.423011322E0,-6.017486572E-1
1.832718863E1,1.321766373E1,-2.809507599E0,-2.071542206E0
1.834709063E1,9.260642395E0,2.877915344E0,-5.125341797E0
1.836699162E1,1.131512009E1,-4.152365112E-1,4.478985901E0
1.838689263E1,8.081394653E0,7.438032532E-1,-2.806513824E0
1.840679363E1,9.098529510E0,-3.781885529E0,-5.909710693E-1
1.842669563E1,9.704319763E0,3.320844269E0,-4.796475677E0
1.844659662E1,9.328451385E0,6.251000977E-1,2.647694092E0
1.846649762E1,1.025756927E1,-3.730242920E-1,2.993924103E0
1.848639863E1,1.131092880E1,3.639830933E0,1.113983459E0
1.850630063E1,9.331145782E0,1.381177826E0,-3.698808289E0
1.852620163E1,6.516848145E0,-2.177821198E0,-1.376088409E0
1.854610262E1,9.514514465E0,4.407734070E0,1.011147308E0
1.856600462E1,1.428808777E1,-5.575904846E-1,-2.079326019E0
1.858590562E1,1.093356354E1,1.945953369E-2,-3.576512604E0
1.860580663E1,1.251622238E1,2.535876617E0,-4.076472931E0
1.862570763E1,4.236789551E0,-4.640350342E-2,-4.532574463E-1
1.864560933E1,8.218210144E0,-2.097138977E0,-2.122735748E0
1.866551033E1,1.172167465E1,2.705024872E0,4.413871307E0
1.868541133E1,4.979395294E0,-2.113754425E0,-4.730612640E0
1.870531233E1,9.278605042E0,3.408711548E0,2.121388550E0
1.872521433E1,4.640949097E0,-2.863545227E0,-5.716761932E0
1.874511533E1,1.786340286E1,5.673501892E0,6.959028625E-1
1.876501633E1,1.040112076E1,-1.848056946E0,-4.360582123E0
1.878491833E1,9.315578156E0,4.305646362E0,-3.136577454E0
1.880481933E1,1.366942429E1,-1.690883789E0,-1.120420074E0
1.882472033E1,1.177855637E1,2.505938873E0,-2.627935181E0
1.884462133E1,7.290439453E0,1.314266968E-1,2.305655365E0
1.886452333E1,7.521109772E0,-4.456233215E-1,7.667056274E-1
1.888442433E1,1.346749420E1,2.018103333E0,-8.602610779E-1
1.890432533E1,1.130628845E1,2.482587433E0,-3.236569519E0
1.892422633E1,8.321944427E0,-2.315235443E0,-5.002597046E-1
1.894412833E1,3.536096649E0,1.938319244E0,1.713187408E0
1.896402933E1,1.278865585E1,3.640130310E0,2.791694641E-1
1.898393033E1,1.235530701E1,4.201762390E-1,-3.885470123E0
1.900383233E1,3.830384674E0,-1.518891449E0,-7.040908356E0
1.902373333E1,6.101162567E0,-2.549198914E-1,-5.388793945E-1
1.904363433E1,1.030277527E1,1.168769531E0,4.429139557E0
1.906353533E1,8.746611328E0,-2.298619995E0,-6.859335938E0
1.908343733E1,4.341721344E0,-4.796924744E0,1.881587219E-1
1.910333833E1,1.539144333E1,6.701863403E0,-1.541793823E-1
1.912323933E1,4.128115540E0,-1.385818176E0,-1.410067749E-1
1.914314033E1,1.054512131E1,-3.697910156E0,-2.078577576E0
1.916304233E1,8.747808838E0,5.128485260E0,-1.716031494E0
1.918294333E1,7.500153351E0,1.542242889E0,-1.904489594E0
1.920284433E1,6.398444366E0,-3.308719482E0,-2.194436646E0
1.922274633E1,1.566971466E1,4.181853790E0,3.968247986E0
1.924264733E1,8.727600861E0,2.221380615E-1,-5.129832458E0
1.926254833E1,1.219558914E1,2.415077820E0,-2.128274231E0
1.928244933E1,9.428892517E0,1.191372528E0,1.483415222E0
1.930235133E1,1.034678375E1,3.709885254E0,-2.098486176E0
1.932225233E1,1.023646317E1,2.513722687E0,-1.936373291E0
1.934215333E1,1.531420395E1,3.794160004E0,-9.726773071E-1
1.936205533E1,6.081253967E0,-2.373015289E0,4.203259277E-1
1.938195633E1,3.571572876E-1,-2.633024597E-1,1.372196503E0
1.940185733E1,2.306448715E1,5.168901215E0,8.250243530E0
1.942175833E1,9.237141266E0,-5.134772186E0,-1.684596863E0
1.944166033E1,9.098379822E0,6.581513672E0,-6.933282166E0
1.946156133E1,-8.195457458E-1,9.702822876E-1,7.437733154E0
1.948146233E1,1.578542404E1,-8.149053955E-1,-2.666405182E0
1.950136333E1,3.366798706E0,2.182461548E-1,-3.573369141E0
1.952126533E1,1.873968063E1,3.057841187E0,-1.021176453E1
1.954116633E1,-3.669469299E0,1.877994690E0,7.551795959E0
1.956106733E1,9.016350403E0,-1.244062958E0,-2.804268494E0
1.958096933E1,8.908275146E0,6.963519287E-1,3.406166840E0
1.960087033E1,8.615034943E0,2.399210815E0,-7.885152740E0
1.962077133E1,1.123204285E1,-3.797153778E0,-1.130449219E0
1.964067258E1,1.432431244E1,3.221450958E0,-1.451980591E0
1.966057458E1,8.820557556E0,6.108796692E-1,4.515509949E0
1.968047558E1,1.412238235E1,-6.730004883E-1,-2.600691833E0
1.970037658E1,1.118489090E1,3.210074615E0,2.870281219E0
1.972027858E1,1.575204346E1,-1.772015076E0,-3.417393494E-1
1.974017958E1,1.101095261E1,2.729124756E0,1.155596924E0
1.976008058E1,1.154923325E1,-2.603386230E0,1.006207581E0
1.977998158E1,1.186732178E1,2.013013916E0,4.493655396E-1
1.979988358E1,9.770482178E0,4.834945679E-2,1.698368225E0
1.981978458E1,7.470664673E0,-3.894601135E0,5.469625854E-1
1.983968558E1,7.597001953E0,2.390379181E0,1.067280579E-1
1.985958658E1,1.342483292E1,1.928290100E0,1.414259033E0
1.987948858E1,1.158366165E1,2.472857666E-1,-2.910996552E0
1.989938958E1,1.047072601E0,1.217568054E0,-1.742676086E0
1.991929058E1,1.620515121E1,-3.312611389E-1,-1.934577026E0
1.993919258E1,1.301498520E1,4.075574799E0,9.788893890E0
1.995909358E1,7.616311798E0,4.984634399E-1,-3.836521912E0
1.997899458E1,1.118803436E1,5.469625854E-1,2.468816071E0
1.999889558E1,8.174201660E0,2.217488708E0,-6.659501495E0
2.001879758E1,5.029990082E0,-6.185137939E-1,1.295555878E0
2.003869858E1,1.267025208E1,1.091829529E0,6.017486572E-2
2.005859958E1,1.010159363E1,1.030307465E0,-2.698887634E0
2.007850158E1,1.319042038E1,2.387834473E0,-2.247127075E0
2.009840258E1,8.644822998E0,4.924758911E-1,-6.236032104E-1
2.011830358E1,7.495213623E0,2.427501984E0,-2.273921356E0
2.013820458E1,9.613159332E0,-2.801574097E0,-1.440753937E0
2.015810658E1,1.335971832E1,1.010548553E0,-3.137176208E0
2.017800758E1,1.178604080E1,-2.731819153E-1,1.753004608E0
2.019790858E1,5.529651031E0,2.516267395E-1,7.409591675E-2
2.021780958E1,1.117351456E1,3.772155762E-1,-1.729204102E0
2.023771158E1,4.764891357E0,7.458988953E-1,-2.279908905E0
2.025761258E1,9.226812744E0,-4.206253052E-1,-2.630030823E0
2.027751358E1,1.675420944E1,1.926643524E0,1.951641541E0
2.029741558E1,1.302411621E1,-3.435356140E-1,1.035247192E0
2.031731658E1,1.261935791E1,7.679031372E-2,-1.602417755E0
2.033721758E1,1.435245392E1,1.919608154E0,-1.518592072E0
2.035711858E1,7.698939972E0,-1.172062683E0,-1.800904999E0
2.037702058E1,1.282967056E1,8.960366821E-1,-3.557352448E0
2.039692158E1,1.151495453E1,1.043180695E0,1.193168793E0
2.041682258E1,1.244766495E1,1.833686829E-1,-2.789449310E0
2.043672458E1,8.084238739E0,2.866688690E0,4.665797424E-1
2.045662558E1,7.258705444E0,-1.734892273E-1,-4.490661621E-2
2.047652658E1,2.126178589E0,-3.743714905E-1,1.790426788E0
2.049642758E1,1.011311966E1,1.501078491E0,-2.288890228E0
2.051632958E1,4.129013672E0,-1.460363159E0,6.447093201E-1
2.053623058E1,9.601932678E0,1.762285309E0,-4.768932953E0
2.055613158E1,1.363813934E1,1.116677856E-1,-4.089495850E-1
2.057603258E1,6.199358368E0,5.882766724E-2,-4.579427032E0
2.059593458E1,8.525072021E0,1.258582764E0,-8.710386658E-1
2.061583558E1,7.129075012E0,4.173321533E-1,-4.703219604E-1
2.063573658E1,1.228480362E1,4.990621948E-1,2.409988403E-2
2.065563883E1,5.911656647E0,-8.511300659E-1,-9.454339600E-1
2.067553983E1,6.849157104E0,3.079845428E0,1.390907593E0
2.069544083E1,1.367137024E1,-8.336164856E-1,-1.777403870E0
2.071534183E1,1.437625443E1,1.818418579E0,-1.226848755E0
2.073524383E1,1.217328552E1,-2.342628479E-1,-5.882766724E-2
2.075514483E1,1.487606506E0,1.553768921E-1,1.836680603E-1
2.077504583E1,1.148651367E1,-7.023394775E-1,-3.396886139E0
2.079494683E1,9.405990143E0,1.144669647E0,-1.331780548E0
2.081484883E1,9.867480469E0,3.487747192E-1,-1.266815643E0
2.083474983E1,5.790857849E0,-1.888323212E0,-3.206332397E0
2.085465083E1,1.561403046E1,2.626887360E0,9.539662170E-1
2.087455283E1,5.284610596E0,1.080752563E-1,-3.434008942E0
2.089445383E1,7.322173462E0,-5.592370605E-1,-1.973196716E0
2.091435483E1,1.231474136E1,1.519340515E0,-3.095562744E-1
2.093425583E1,9.020092621E0,1.570983124E0,4.055067444E-1
2.095415783E1,9.170380096E0,2.019300842E-1,-6.548881531E-1
2.097405883E1,6.670129395E0,-2.017803955E0,2.488125916E0
2.099395983E1,1.363888779E1,1.768272858E0,-2.381248169E0
2.101386183E1,8.794362030E0,-1.216669922E0,-1.477876740E0
2.103376283E1,1.025786865E1,7.692503357E-1,4.649930420E0
2.105366383E1,1.427296921E1,2.117646332E0,-5.206173706E-1
2.107356483E1,1.455168961E1,-7.776329041E-1,-2.545007629E0
2.109346683E1,9.279054108E0,-4.040098572E-1,-1.012344818E0
2.111336783E1,7.454647980E0,3.502716064E-1,1.939217377E0
2.113326883E1,1.271006927E1,-2.154619446E0,-2.632874908E0
2.115317083E1,1.332948120E1,-1.822310486E0,-4.266727295E0
2.117307183E1,1.336585556E1,1.389261017E0,7.391629028E-1
2.119297283E1,7.917335815E0,-8.434959412E-1,1.150657196E0
2.121287383E1,1.020143600E1,-1.350042572E0,-1.162482605E0
2.123277583E1,1.199216217E1,1.059796143E-1,-4.160298615E0
2.125267683E1,4.905299377E-1,-2.954555969E0,-1.889520721E0
2.127257783E1,9.285490723E0,-3.164419556E-1,-2.489323425E-1
2.129247883E1,1.971939331E1,5.391787720E-1,4.582420807E0
2.131238083E1,4.819976807E-1,-2.630180511E0,4.291575623E-1
2.133228183E1,8.638536072E0,-5.755531311E-1,2.224075012E0
2.135218283E1,6.794221344E0,-3.902983704E0,1.435814209E0
2.137208483E1,9.090296631E0,-5.528004456E-1,-1.534159698E0
2.139198583E1,9.781110077E0,-2.721939697E0,-1.644330597E0
2.141188683E1,5.790857849E0,-1.407073975E-2,-3.558250580E0
2.143178783E1,1.205892334E1,2.057770844E0,-1.258133698E0
2.145168983E1,1.086455704E1,3.979624329E0,-2.773282928E0
2.147159083E1,1.301273987E1,1.802701263E0,-6.479126587E0
2.149149183E1,1.057505905E1,3.954177246E0,-4.931045837E0
2.151139383E1,8.324040070E0,2.670596466E0,-1.938169556E0
2.153129483E1,1.526151352E1,4.571942596E0,-5.164260864E-2
2.155119583E1,1.291903473E1,3.871249695E0,-3.443589020E0
2.157109683E1,1.151974457E1,1.267713776E0,-4.342320099E0
2.159099883E1,1.174442734E1,2.185455322E-2,-4.412524109E0
2.161089983E1,1.378303802E1,1.935924225E0,1.397493896E0
2.163080083E1,1.562286209E1,-9.476792908E-1,-1.470691681E0
2.165070308E1,6.485563202E0,-3.509751434E0,-1.251996460E0
2.167060408E1,1.008333160E1,-1.243613892E0,8.526269531E-1
2.169050508E1,8.723259888E0,-3.657943268E0,-1.968256989E0
2.171040608E1,1.071995773E1,6.659651184E-1,-1.252744904E0
2.173030808E1,5.678142242E0,-3.871998138E0,-3.746409302E0
2.175020908E1,1.132514923E1,8.518785095E-1,-1.099613342E0
2.177011008E1,7.508835297E0,-4.020639038E-1,-4.610562286E0
2.179001208E1,9.891730042E0,7.604187012E-2,-4.706063690E0
2.180991308E1,6.773264923E0,-1.716779938E0,-9.508227539E-1
2.182981408E1,3.331172791E0,7.259902954E-2,-5.316344604E0
2.184971508E1,1.083881058E1,-8.065228271E-1,1.383423157E0
2.186961708E1,1.535447021E1,2.094594269E0,-1.285826111E0
2.188951808E1,1.077953384E1,-6.459068298E-1,-7.605683899E-1
2.190941908E1,6.994953918E0,3.552113342E-1,-2.709365845E0
2.192932108E1,8.660989380E0,-3.363505554E0,7.268884277E-1
2.194922208E1,1.264196091E1,2.947370911E0,-4.968617706E0
2.196912308E1,8.352929993E0,-2.675386505E0,-1.541943512E0
2.198902408E1,5.723198547E0,-4.342469788E-1,-2.725083160E0
2.200892608E1,9.432335358E0,-1.059047699E0,-1.450633392E0
2.202882708E1,1.455977280E1,1.720372467E0,-1.802850952E0
2.204872808E1,6.994654541E0,-1.219963074E0,-1.976489868E0
2.206863008E1,9.137149200E0,9.445358276E-1,-6.087840271E-1
2.208853108E1,1.638283173E1,2.235002289E0,-2.267784119E-1
2.210843208E1,1.004007156E1,9.217831421E-1,-2.607577515E-1
2.212833408E1,8.067174225E0,2.166444855E0,-1.927092590E0
2.214823508E1,1.023825943E1,1.548230438E0,-1.359173584E0
2.216813608E1,8.247249756E0,4.846920776E-1,-3.106789398E0
2.218803708E1,1.447190552E1,3.692970428E0,-1.674717407E0
2.220793908E1,6.629863129E0,1.127904510E0,-2.288141785E0
2.222784008E1,5.897136841E0,-1.678160248E0,-5.315446472E-1
2.224774108E1,1.242356506E1,4.138144684E0,3.082090759E-1
2.226764308E1,1.117830460E1,-2.488125916E0,-6.733148346E0
2.228754408E1,1.156420212E1,-5.077441406E-1,4.131408691E-2
2.230744508E1,4.522695007E0,2.668800201E0,-5.987548828E-3
2.232734608E1,1.254137009E1,-2.897075500E0,-1.099313965E0
2.234724808E1,7.323370972E0,2.903961182E0,-2.301763458E0
2.236714908E1,1.062954575E1,1.666035461E0,-3.351829834E0
2.238705008E1,5.237308960E0,-1.084345093E0,-1.196761322E0
2.240695208E1,1.108519821E1,1.948647766E0,-2.289039917E0
2.242685308E1,1.217732712E1,5.577401733E-1,2.773731995E-1
2.244675408E1,1.061472656E1,1.459165649E0,-1.576072540E0
2.246665608E1,6.435567169E0,6.848258972E-1,-2.773731995E-1
2.248655708E1,7.667056274E0,-5.114863586E-1,-1.357227631E0
2.250645808E1,1.370505020E1,3.309767303E0,-6.342311096E-1
2.252635908E1,1.138218063E1,1.293011169E0,-5.038821716E0
2.254626108E1,1.354802673E1,-2.415975952E0,-2.388582916E0
2.256616208E1,4.175566864E0,-1.814227295E-1,-4.079167328E0
2.258606308E1,1.172421936E1,-2.788700867E-1,-1.187031555E-1
2.260596508E1,9.468260651E0,-1.105451202E0,8.198451233E-1
2.262586608E1,1.228600113E1,-7.619155884E-2,-4.446952515E0
2.264576650E1,1.030876282E1,-1.323697357E0,-1.822909241E0
2.266566850E1,5.477259979E0,-6.089337158E-1,-4.094585266E0
2.268556950E1,1.001911514E1,-5.758525085E-1,-1.001267853E0
2.270547050E1,1.417058212E1,1.816023560E0,-8.388555908E-1
2.272537150E1,6.677613831E0,1.904040527E-1,-4.246818695E0
2.274527350E1,1.177930481E1,1.082698517E0,-1.894909515E0
2.276517450E1,4.740641785E0,-1.499880981E-1,4.346960449E-1
2.278507550E1,9.149723053E0,3.793112183E-1,-1.296753387E0
2.280497750E1,1.218376373E1,9.108558655E-1,-6.605763245E-1
2.282487850E1,9.821226654E0,5.542973328E-1,-2.896027679E0
2.284477950E1,9.693991241E0,4.248165894E-1,-4.626878357E-1
2.286468150E1,8.614286499E0,7.390132141E-1,-1.512155457E0
2.288458250E1,1.052790710E1,1.472787323E0,1.889071655E-1
2.290448350E1,1.676917831E1,1.601819000E0,-2.300416260E0
2.292438450E1,9.231602783E0,4.020639038E-1,-3.538940735E0
2.294428650E1,1.157527908E1,1.689087524E0,-1.795815582E0
2.296418750E1,3.692820740E0,4.465214539E-1,1.589694214E-1
2.298408850E1,9.709409180E0,1.672023010E0,-2.896626434E0
2.300399050E1,1.284718414E1,2.455643463E0,-1.631307678E0
2.302389150E1,7.389084320E0,1.309776306E0,-5.546266479E0
2.304379250E1,9.076525269E0,2.325114899E0,-2.020198975E0
2.306369450E1,4.353696442E0,2.168690186E0,-1.544937286E0
2.308359550E1,3.848497009E0,2.308349762E0,-2.566263428E0
2.310349650E1,8.485254822E0,7.206015015E-1,-3.394790497E0
2.312339750E1,1.325628342E1,4.241579590E0,-2.462229767E0
2.314329950E1,1.053164932E1,4.343517609E0,-9.318122864E-1
2.316320050E1,4.009861450E0,-1.869612122E0,-2.357747040E0
2.318310150E1,1.013392639E1,1.835483093E0,1.414558411E-1
2.320300350E1,1.373319168E1,3.013233948E0,-2.095791779E0
2.322290450E1,1.565818863E1,2.048041077E0,-1.387165375E0
2.324280550E1,1.404184982E1,2.054028625E0,-2.411335602E0
2.326270650E1,8.575367432E0,9.312135315E-1,-2.491868134E0
2.328260850E1,6.077212372E0,4.598437500E-1,-3.631298676E0
2.330250950E1,1.258912079E1,1.481169891E0,-7.873626709E-2
2.332241050E1,1.165341660E1,5.266049194E-1,-9.740245056E-1
2.334231250E1,1.472577759E1,1.951940918E0,-8.279283142E-1
2.336221350E1,1.242775635E1,8.574169922E-1,-2.009421387E0
2.338211450E1,6.002068634E0,-1.219813385E0,-2.080822906E0
2.340201650E1,9.524393921E0,2.534230042E0,1.029858398E0
2.342191750E1,-5.851332092E-1,-1.983225861E0,-4.883295135E0
2.344181850E1,1.417103119E1,1.859133911E0,-4.067641296E0
2.346171950E1,1.183139648E1,-8.994795227E-1,8.887019348E-1
2.348162150E1,-8.397537231E-1,-5.574108582E0,-7.750732269E0
2.350152250E1,1.931358719E1,1.175655212E0,2.199076996E0
2.352142350E1,7.766599274E0,1.253343658E0,4.716691589E-1
2.354132550E1,1.110151428E1,-1.420096893E0,-1.575773163E0
2.356122650E1,7.068151703E0,8.232879639E-1,-1.516346741E-1
2.358112750E1,5.999224548E0,1.674567719E0,-5.793252869E0
2.360102950E1,8.520431671E0,3.423381042E-1,-1.038540344E0
2.362093050E1,1.197958832E1,1.296903076E0,-3.861819305E0
2.364083183E1,9.748627625E0,5.050497437E-1,2.152972870E0
2.366073283E1,5.674699402E0,-7.469467163E-1,-4.972509613E0
2.368063483E1,6.793323212E0,-2.286345520E0,1.958527222E0
2.370053583E1,1.048240173E1,-3.310515747E0,-3.334765320E0
2.372043683E1,8.835975494E0,-3.811972961E0,-6.927593994E-1
2.374033883E1,1.281260605E1,1.184337158E0,-4.312681732E0
2.376023983E1,5.533692627E0,-4.020040283E0,5.631289673E-1
2.378014083E1,1.214020432E1,2.476450195E0,-4.172423401E0
2.380004183E1,1.344234650E1,1.010099487E0,-4.785548401E-1
2.381994383E1,6.352190552E0,9.240284729E-1,-3.059787140E0
2.383984483E1,1.498069748E1,-2.998265076E-1,-1.240620117E0
2.385974583E1,1.405577087E1,5.397775269E0,-4.802014160E-1
2.387964783E1,1.358589798E1,1.675016785E-1,-4.361929321E-1
2.389954883E1,1.297831146E1,2.423759766E0,-3.077600098E0
2.391944983E1,8.842262421E0,1.721719666E0,1.987566833E0
2.393935183E1,1.065214874E1,-1.496887207E-1,-3.199147339E0
2.395925283E1,6.912774811E0,1.582359467E0,1.097817078E0
2.397915383E1,8.976383514E0,2.591111755E-1,-2.467169495E0
2.399905483E1,8.823551331E0,4.903802490E-1,2.017803955E-1
2.401895683E1,8.902287598E0,1.309177551E0,-1.768272858E0
2.403885783E1,2.584525452E0,-1.981429596E0,-3.233276367E-1
2.405875883E1,7.223079529E0,2.804867249E0,-2.267035675E0
2.407866083E1,4.948409729E0,7.872129822E-1,-5.221142578E-1
2.409856183E1,6.713988190E0,-2.231110382E0,-5.964047699E0
2.411846283E1,5.760021973E0,1.472188568E0,1.252894592E-1
2.413836383E1,7.458240509E0,-2.585872650E0,-1.465751953E0
2.415826583E1,9.124425659E0,2.456840973E0,5.841602325E0
2.417816683E1,9.096733246E0,-1.490001526E0,-7.280859375E0
2.419806783E1,1.312904800E1,1.607058105E0,-1.146166534E0
2.421796983E1,1.194081894E1,5.182223511E-1,-2.124082947E0
2.423787083E1,1.008123596E1,6.325845337E-1,-2.405497742E-1
2.425777183E1,1.730177078E1,4.861889648E-1,-3.107088776E0
2.427767383E1,5.351970520E0,5.819897461E-1,-2.597997437E0
2.429757483E1,1.991817993E1,3.942950592E0,-4.948409729E0
2.431747583E1,6.988367615E0,1.281335449E0,6.066883850E-1
2.433737683E1,1.572554855E1,2.047142944E0,-8.626560974E0
2.435727883E1,3.485801239E0,1.533710632E0,1.531614990E0
2.437717983E1,2.329021774E1,2.324366455E0,-6.763984222E0
2.439708083E1,7.039860535E0,-1.253493347E0,-2.366878052E0
2.441698283E1,1.545161819E1,4.580474854E-1,-9.551337891E0
2.443688383E1,4.941374359E0,2.614912262E0,3.541635132E0
2.445678483E1,8.291707306E0,-1.591490479E0,-6.310277710E0
2.447668583E1,7.171436920E0,-6.256988525E-1,4.353097687E0
2.449658783E1,6.180048523E0,6.327342224E-1,-3.783232727E0
2.451648883E1,1.083896027E1,1.827699280E-1,4.715494080E0
2.453638983E1,6.304589539E0,7.451504517E-1,-3.018622742E0
2.455629183E1,5.117857361E0,-2.320923615E0,-2.263293457E0
2.457619283E1,1.276710068E1,4.496948547E0,4.888833618E-1
2.459609383E1,7.739954681E0,-3.214415588E0,7.854167175E-1
2.461599583E1,7.580536194E0,1.461111603E0,-7.253765717E0
2.463589683E1,5.142855377E0,-2.730471954E0,2.630779266E0
2.465579787E1,1.598121689E1,7.993377686E-2,-8.367599487E-1
2.467569888E1,9.116641846E0,-9.985734558E-1,2.628384247E0
2.469560088E1,8.145760803E0,1.032852173E-1,-1.711540833E0
2.471550188E1,7.324269104E0,-2.694097595E0,1.953886871E0
2.473540287E1,9.359586639E0,3.806584167E-1,-4.149221649E0
2.475530487E1,7.045099640E0,-3.141966248E-1,-3.266956329E0
2.477520587E1,1.441472443E1,-1.331630859E0,-3.356919250E0
2.479510688E1,1.101200043E1,9.086105347E-1,-4.628375244E-1
2.481500788E1,1.043315414E1,-1.667532349E-1,-1.442999268E-1
2.483490988E1,7.942333832E0,-1.091679840E0,-1.052311707E0
2.485481087E1,1.264375717E1,-5.691165161E-1,-3.321143646E0
2.487471188E1,1.748663635E1,2.597099304E-1,-2.400707703E0
2.489461388E1,2.168241119E0,-2.465373230E0,-2.718047791E0
2.491451488E1,2.713407440E0,-1.832639008E0,-2.709365845E0
2.493441588E1,1.387928787E1,1.594633942E0,1.158291321E0
2.495431788E1,8.928483124E0,-2.100432129E0,-2.356250153E0
2.497421887E1,1.275841873E1,9.839039612E-1,-3.738924866E0
2.499411988E1,9.353748779E0,5.818400574E-1,1.234782257E0
2.501402088E1,5.292394409E0,-2.719844055E-1,1.423240356E0
2.503392288E1,9.934241638E0,1.798959045E0,1.382525024E0
2.505382388E1,1.094089828E1,-2.977009277E0,-1.274300079E0
2.507372487E1,6.333629150E0,-7.029382324E-1,-2.278561707E0
2.509362687E1,7.039710846E0,1.284029846E0,-1.812281342E0
2.511352788E1,7.900271301E0,-1.732497253E0,4.664300537E-1
2.513342888E1,6.029910736E0,-3.534749451E0,-4.794529724E-1
2.515333088E1,1.669014267E1,4.732259216E0,-3.206332397E-1
2.517323188E1,1.088237000E1,1.402583313E-1,-1.734742584E0
2.519313287E1,1.046039749E1,-1.205742645E0,-5.757028198E0
2.521303388E1,9.426647186E0,3.464695129E0,1.533710632E0
2.523293588E1,8.441246338E0,-4.002676392E-1,-2.530487823E0
2.525283688E1,1.411624512E1,-3.936813354E-2,1.535806274E-1
2.527273787E1,1.689282120E1,6.717281342E0,-3.570824432E0
2.529263987E1,7.617060242E0,-6.132746887E-1,-4.440515900E0
2.531254087E1,1.189082291E1,1.346899109E0,-4.371659088E0
2.533244188E1,5.807024231E0,8.476872253E-1,-1.811233521E-2
2.535234388E1,1.277233978E1,-4.242178345E-1,-4.962181091E-1
2.537224488E1,1.013706985E1,-8.472381592E-1,-5.098397827E-1
2.539214587E1,1.172661438E1,-2.335144043E-2,-4.066743164E0
2.541204687E1,6.238127747E0,-1.956730957E0,-4.549189911E0
2.543194887E1,7.307204590E0,1.691482544E-2,-1.556762695E-2
2.545184988E1,8.111931152E0,-1.166524200E0,9.026229858E-1
2.547175088E1,8.587342529E0,-5.284011841E-1,3.311114502E-1
2.549165288E1,1.202090240E1,-1.572629700E0,-1.414558411E0
2.551155387E1,3.998335419E0,-3.076402588E0,-2.653382263E0
2.553145488E1,1.205278610E1,1.191522217E0,-1.375190277E0
2.555135688E1,1.146765289E0,-3.518433380E0,-6.239025879E-1
2.557125788E1,1.162901733E1,1.560953979E0,-5.220094757E0
2.559115888E1,1.466754868E1,3.677851868E0,3.534150696E-1
2.561105987E1,7.514972534E0,9.568103027E-1,-2.522853699E0
2.563096187E1,1.080692688E1,2.176174622E0,3.616479492E-1
2.565086275E1,7.709567871E0,2.634671173E0,-1.606309662E0
2.567076375E1,8.590485992E0,-1.110241241E0,-3.135978699E-1
2.569066575E1,1.131526978E1,2.228415985E0,-6.283633118E0
2.571056675E1,1.280362473E1,-1.670825500E0,-3.287912750E0
2.573046775E1,1.953797058E1,8.860075378E-1,-1.005758514E0
2.575036875E1,4.110452271E0,-2.786904602E0,-1.747615814E0
2.577027075E1,1.340133179E1,-4.520599365E-1,-2.697390747E-1
2.579017175E1,1.052176987E1,-4.239184570E-1,-2.869233398E0
2.581007275E1,9.024134216E0,1.049766998E0,-2.395019531E0
2.582997475E1,1.167781586E1,-1.223555603E0,-2.086960144E0
2.584987575E1,1.082623672E1,2.272274780E0,3.717369690E0
2.586977675E1,8.750203857E0,-7.357200623E-1,-1.785487061E0
2.588967875E1,1.607252701E1,6.077362061E-1,1.261576538E0
2.590957975E1,4.883893890E0,1.071920929E0,-4.834197235E0
2.592948075E1,1.068298462E1,-2.075883179E0,-1.137634277E-2
2.594938275E1,3.180885315E-1,1.470242615E0,-1.985920258E0
2.596928375E1,9.944719849E0,2.930605774E0,-3.568579102E-1
2.598918475E1,1.591939545E1,-1.499880981E0,-4.699776764E0
2.600908575E1,2.117796021E0,4.603377228E0,-1.808688812E0
2.602898775E1,1.038974442E1,-1.429377594E0,-5.504952393E0
2.604888875E1,-3.071612549E-1,-2.743195496E0,7.179669800E0
2.606878975E1,1.124925705E1,2.147434387E0,4.261637878E-1
2.608869175E1,1.177032349E1,-1.348545685E0,-2.382894745E0
2.610859275E1,1.241862534E1,6.012995911E-1,-2.690056000E0
2.612849375E1,1.145971939E1,1.955383759E0,-6.004912720E0
2.614839475E1,9.795180817E0,-8.132588196E-1,-1.299747162E0
2.616829675E1,1.533531006E1,3.740721130E-1,1.066831512E0
2.618819775E1,1.619512207E1,-8.589138794E-1,4.882846069E-1
2.620809875E1,1.276410690E1,-1.379830627E0,-5.099295959E0
2.622800075E1,1.599334167E1,-1.625619507E0,-4.786147156E0
2.624790175E1,1.101723953E1,1.479373627E0,1.303489380E0
2.626780275E1,1.167137924E1,-1.202150116E0,-1.022074585E0
2.628770475E1,1.102816681E1,2.096689911E0,9.696835327E-1
2.630760575E1,1.193468170E1,7.929011536E-1,-3.303779755E0
2.632750675E1,1.494132935E1,6.608757019E-1,1.558409271E0
2.634740875E1,4.388573914E0,4.023932190E0,-2.589165802E0
2.636730975E1,1.057011932E1,1.576671295E0,-1.223854980E0
2.638721075E1,3.328478394E0,1.642684021E0,1.665586395E0
2.640711175E1,7.890242157E0,2.142943726E0,-2.526446228E0
2.642701375E1,9.314530334E0,4.026626587E-2,-6.658154297E-1
2.644691475E1,5.760471039E0,9.505233765E-1,-3.797752533E0
2.646681575E1,4.857099609E0,-8.343649292E-1,4.878355408E-1
2.648671775E1,1.701511688E0,-5.185217285E-1,-3.111280060E0
2.650661875E1,6.016289062E0,1.374142456E-1,-1.512155457E0
2.652651975E1,9.174870758E0,-8.586145020E-1,-2.545157318E0
2.654642175E1,8.903485107E0,-2.859054565E-1,-3.284020844E0
2.656632275E1,8.519683228E0,-1.279838562E-1,2.189945984E0
2.658622375E1,1.484418137E1,-1.646725616E0,-2.901416473E0
2.660612575E1,1.142214752E1,6.572831726E-1,6.650669861E-1
2.662602675E1,1.071576645E1,-3.600013733E-1,-7.128775635E0
2.664592808E1,1.333142715E1,-3.231031036E0,-2.995271301E-1
2.666582908E1,4.475243683E0,-4.132606201E0,-5.832171936E0
2.668573108E1,1.714399887E1,6.218069458E-1,4.112098846E0
2.670563208E1,1.129401398E1,-2.818788300E0,-4.706213379E-1
2.672553308E1,1.517050278E1,2.826871490E0,-4.131259003E0
2.674543508E1,1.715133362E1,3.276686096E-1,-1.001417542E0
2.676533608E1,1.351659210E1,1.659748535E0,-4.643194427E0
2.678523708E1,1.087099365E1,1.341210938E-1,-1.103505249E0
2.680513908E1,7.640261993E0,-5.418731689E-1,-3.324885864E0
2.682504008E1,1.448238373E1,-6.198609924E-1,3.634442139E-1
2.684494108E1,9.640851746E0,9.527687073E-1,-3.216511230E0
2.686484308E1,9.799521790E0,-1.021026764E0,-6.194119263E-1
2.688474408E1,9.207353210E-1,-4.306544495E-1,-3.210523682E0
2.690464508E1,8.376131744E0,-9.098080444E-1,-6.301895142E-1
2.692454608E1,6.957980804E0,1.452279968E0,2.044598236E0
2.694444808E1,5.899232483E0,-3.219804382E-1,-2.063159637E0
2.696434908E1,8.081394653E0,1.844015350E0,-1.389410706E0
2.698425008E1,3.079546051E0,2.963237915E0,2.474354553E0
2.700415208E1,6.404132538E0,8.190966797E-1,-8.295748901E-1
2.702405308E1,9.918224945E0,1.748064880E0,-3.671115875E0
2.704395408E1,1.143576920E1,2.631527710E0,6.963519287E-1
2.706385608E1,7.078779602E0,1.722617798E0,-2.493963776E0
2.708375708E1,7.620353394E0,-2.580633545E0,-9.966275024E-1
2.710365808E1,3.602259064E0,1.267115021E0,-3.813020782E0
2.712355908E1,9.805509338E0,3.043620758E0,9.529183960E-1
2.714346108E1,2.647843781E0,-6.653963013E0,-7.167095947E0
2.716336208E1,2.829356323E1,1.052132080E1,1.722019043E0
2.718326308E1,7.689958649E0,1.017134857E0,2.435585175E0
2.720316508E1,1.209769272E1,-1.021475830E0,-7.954159241E0
2.722306608E1,8.476722565E0,1.280437317E0,1.001567230E0
2.724296708E1,1.637983795E1,2.401605835E0,-2.606230316E0
2.726286908E1,1.524340118E1,1.420845337E0,-1.601669312E-1
2.728277008E1,1.000309845E1,-3.420686646E0,-7.213349762E0
2.730267108E1,1.028241760E1,2.532284088E0,-1.496887207E-2
2.732257308E1,1.209754303E1,1.509610748E0,-1.119671631E-1
2.734247408E1,1.067100952E1,-6.077362061E-1,-2.541714478E-1
2.736237508E1,8.355175323E0,2.352058868E0,-2.222877502E-1
2.738227608E1,4.633314972E0,-9.011260986E-1,-3.743714905E0
2.740217808E1,4.241878967E0,5.216651917E-1,-2.374661865E0
2.742207908E1,6.171216888E0,4.159849548E-1,1.921105042E0
2.744198008E1,9.560019836E0,-2.677931213E-1,-3.888912964E-1
2.746188208E1,7.273374939E0,5.194198608E-2,-1.911674652E0
2.748178308E1,3.779939575E0,-3.906875610E-1,-5.725593567E-1
2.750168408E1,8.090375977E0,-1.004561005E0,-4.660558319E0
2.752158608E1,1.683099976E0,-3.650907898E-1,3.209775238E0
2.754148708E1,1.433823349E1,4.273612976E-1,-8.168513489E-1
2.756138808E1,7.745343475E0,-4.643344116E-1,-2.250270538E0
2.758128908E1,1.474808121E1,1.793121185E0,-4.941823425E0
2.760119108E1,1.068253555E1,6.348298645E-1,2.534679108E0
2.762109208E1,1.072115524E1,-1.442849579E0,-6.432124329E-1
2.764099308E1,5.218448181E0,2.806663513E0,-4.002227325E0
2.766089508E1,9.519753571E0,-1.357527008E0,-1.526226196E0
2.768079608E1,1.964035767E1,3.087329865E0,-4.885091400E0
2.770069708E1,1.195384186E1,7.138655090E-1,4.074526978E-1
2.772059908E1,9.630074158E0,1.154399414E0,-3.689826965E-1
2.774050008E1,9.072783051E0,7.279362488E-1,-2.596201172E0
2.776040108E1,1.274330017E1,-1.342408447E0,-5.226531372E0
2.778030308E1,1.138801849E1,8.481362915E-1,-7.096592560E0
2.780020408E1,9.625733185E0,5.388793945E-3,-1.482666779E0
2.782010508E1,1.039543259E1,-2.978805542E-1,-2.562221832E0
2.784000608E1,5.764362946E0,-3.206781464E0,2.287393341E0
2.785990808E1,1.607237732E1,-1.528321838E-1,-1.303788757E-1
2.787980908E1,1.126796814E1,3.504063263E0,6.816824341E-1
2.789971008E1,6.447093201E0,-3.317551117E0,-6.309678955E0
2.791961208E1,9.766739960E0,4.140240326E0,-4.162843323E0
2.793951308E1,1.051368668E1,4.209097137E0,1.889221344E0
2.795941408E1,1.598974915E0,-2.095043335E0,-2.422262878E0
2.797931608E1,1.698443069E1,5.660029907E0,-3.370690613E0
2.799921708E1,8.565487976E0,9.924362183E-1,8.399034119E-1
2.801911808E1,1.173305099E1,1.199605408E0,-3.735032959E0
2.803902008E1,8.550070038E0,5.125341797E-1,4.494403839E0
2.805892108E1,7.073241119E0,5.523513794E-2,-5.143903198E0
2.807882208E1,1.045635590E1,-1.717678070E0,8.394543457E-1
2.809872308E1,8.973988495E0,-1.843266907E0,-6.390211487E-1
2.811862508E1,4.936584320E0,1.159488831E0,-2.066452789E0
2.813852608E1,8.907526703E0,-2.502046967E0,-3.621868286E0
2.815842708E1,6.489754486E0,3.068020020E0,-1.493144989E0
2.817832908E1,1.308698547E1,4.342469788E-1,-1.751358032E0
2.819823008E1,9.847272491E0,-1.028361511E0,-1.285227356E0
2.821813108E1,9.638007660E0,3.619323578E0,-4.773872681E0
2.823803308E1,8.692274323E0,-5.366340637E-1,1.004860382E0
2.825793408E1,1.415995422E1,1.342258759E0,-2.128723297E0
2.827783508E1,9.633666687E0,-9.318122864E-1,-1.279838562E-1
2.829773708E1,1.559876221E1,2.022294617E-1,-4.546794891E0
2.831763808E1,8.651708679E0,-2.318678284E0,-2.129022675E0
2.833753908E1,9.424850922E0,-3.757186890E-1,-3.015030212E0
2.835744008E1,4.082610168E0,-1.880090332E0,-7.458988953E-1
2.837734208E1,1.496602798E1,8.681945801E-3,2.799628143E0
2.839724308E1,8.922944641E0,1.003812561E0,-2.203717346E0
2.841714408E1,1.530118103E1,-1.930984497E-1,-1.535806274E0
2.843704608E1,7.815547485E0,3.026705933E-1,-2.618355103E0
2.845694708E1,9.394015045E0,-3.787124634E-2,8.864566040E-1
2.847684808E1,6.595135345E0,-1.283580780E0,-7.252418518E-1
2.849675008E1,9.952503662E0,-1.757345581E0,5.974076843E-1
2.851665108E1,1.111947693E1,1.948198700E0,-3.740870819E0
2.853655208E1,8.307574310E0,-2.443518677E0,-1.496887207E0
2.855645408E1,1.468446350E0,-7.652087402E-1,-2.745740204E0
2.857635508E1,6.384223938E0,-2.562670898E-1,-3.006947021E0
2.859625608E1,6.890171814E0,4.186793518E-1,-1.068029022E0
2.861615808E1,1.195473999E1,1.498833160E0,-1.204994202E-1
2.863605908E1,1.211535599E1,9.544152832E-1,-3.373085632E0
2.865595950E1,9.803862762E0,1.933229828E0,-2.524350586E0
2.867586050E1,9.054670715E0,-1.060095520E0,-2.573448486E0
2.869576250E1,9.772727509E0,3.907923431E0,-2.260449371E0
2.871566350E1,1.161240189E1,1.559157715E0,-1.759141846E0
2.873556450E1,9.661209412E0,5.831872559E-1,-4.623285828E0
2.875546650E1,1.344893280E1,1.756597137E0,-1.847907257E0
2.877536750E1,8.980425110E0,1.969903564E-1,1.481918335E-1
2.879526850E1,1.107202560E1,-7.604187012E-2,2.637066193E0
2.881517050E1,1.346405136E1,-1.520837402E0,5.743556213E-1
2.883507150E1,1.399230286E1,6.667135620E-1,-2.709515533E0
2.885497250E1,9.764344940E0,-2.315983887E0,-1.726060638E0
2.887487450E1,8.687484283E0,4.195774841E-1,-1.086141357E0
2.889477550E1,7.659871216E0,1.595831451E0,9.134005737E-1
2.891467650E1,1.282158737E1,-1.579814758E0,-1.675465851E0
2.893457850E1,1.236952744E1,9.220825195E-1,-1.223555603E0
2.895447950E1,1.157303375E1,2.653082886E0,-1.914818115E0
2.897438050E1,1.155566986E1,-3.864962769E-1,8.737330627E-1
2.899428150E1,5.507796478E0,-1.281485138E0,-4.138893127E-1
2.901418350E1,7.187902679E0,8.285270691E-1,-5.479205933E0
2.903408450E1,-5.655239868E-1,-5.346881104E-1,-1.425036621E0
2.905398550E1,1.104268661E1,2.633024597E-1,-5.918392639E0
2.907388750E1,8.931476898E0,1.607507172E0,-1.970202942E0
2.909378850E1,9.502838745E0,-1.502874756E-1,-2.417323151E0
2.911368950E1,1.037447617E1,3.355272675E0,2.107617188E0
2.913359150E1,1.742676086E0,-1.244212646E0,-3.112327881E0
2.915349250E1,1.262384857E1,1.049467621E0,2.734812927E0
2.917339350E1,7.843090210E0,2.559677124E-1,-4.681065674E0
2.919329550E1,8.531209259E0,9.942324829E-1,-1.084195404E0
2.921319650E1,1.230995132E1,7.209008789E-1,-3.307971039E0
2.923309750E1,7.046895905E0,1.287322998E-2,-2.381547546E0
2.925299950E1,1.476709167E1,-1.423539734E-1,-2.519560547E0
2.927290050E1,8.174650726E0,4.484674072E-1,-2.147733765E0
2.929280150E1,1.397434021E1,-5.179229736E-2,-2.124382324E0
2.931270350E1,9.290430450E0,1.619332581E0,-2.543810120E0
2.933260450E1,1.276829819E1,2.066003723E0,-2.277663574E0
2.935250550E1,1.213466583E1,4.456233215E-1,-2.396666107E0
2.937240650E1,9.331445160E0,7.704478455E-1,-3.640429688E-1
2.939230850E1,8.800798645E0,-9.015751648E-1,-2.505789185E0
2.941220950E1,9.815538483E0,-6.920109558E-1,-1.576820984E0
2.943211050E1,1.270183640E1,2.080523529E0,5.272036743E-1
2.945201250E1,5.883515167E0,-3.911066895E0,-3.497476959E0
2.947191350E1,1.235530701E1,3.631897430E0,-1.882934418E0
2.949181450E1,2.847079468E0,-2.350861359E0,7.364685059E-1
2.951171650E1,9.883347473E0,2.131268005E0,-1.017134857E0
2.953161750E1,7.750881958E0,2.279609528E0,-1.320703583E0
2.955151850E1,9.493857422E0,9.184899902E-1,-1.010847931E0
2.957142050E1,9.110205231E0,4.034111023E-1,-8.731343079E-1
2.959132150E1,6.212980042E0,2.238145752E0,1.826651459E0
2.961122250E1,9.111402740E0,-1.308878174E0,-1.145418091E0
2.963112450E1,6.174510040E0,4.959187317E-1,1.234033813E0
2.965102571E1,1.362781082E1,2.345921631E0,-1.838476868E0
2.967092671E1,1.221100708E1,-1.050964508E0,-2.155218201E0
2.969082771E1,1.338067474E1,2.399959259E0,-2.450554047E0
2.971072971E1,1.035426819E1,-5.894741821E-1,-1.272204437E0
2.973063071E1,2.312091980E0,-2.157762909E0,-2.716401215E0
2.975053171E1,1.102607117E1,1.420396271E0,1.315763855E0
2.977043371E1,6.129154358E0,-2.215393066E-1,-6.435118103E-1
2.979033471E1,1.416459457E1,-4.492158508E-1,-4.466262360E0
2.981023571E1,7.275470581E0,-3.038681030E-2,-6.994804230E0
2.983013771E1,6.858288116E0,8.253836060E-1,-4.627776489E0
2.985003871E1,1.525642410E1,2.422113190E0,8.542735291E-1
2.986993971E1,2.152374115E0,-2.770588531E0,-1.699715424E0
2.988984171E1,1.238494537E1,2.173629913E0,-2.100881195E0
2.990974271E1,8.872948608E0,-1.370849304E0,-3.419339447E0
2.992964371E1,1.934217773E1,1.810485077E0,2.934048615E0
2.994954571E1,1.023331970E1,1.919458466E0,-2.896177368E0
2.996944671E1,7.734416199E0,-1.160985718E0,-1.240021362E0
2.998934771E1,8.809480591E0,1.460063782E0,2.844085693E-3
3.000924971E1,1.159174484E1,2.713706818E0,1.323697357E0
3.002915071E1,9.956844635E0,1.466949463E-2,-2.965183868E0
3.004905171E1,1.543545181E1,3.230282593E-1,-7.776329041E-1
3.006895271E1,1.270976990E1,2.622097321E0,-5.924679565E-1
3.008885471E1,7.007976837E0,7.584727478E-1,-2.818039856E0
3.010875571E1,8.000263367E0,-9.045689392E-1,6.242019653E-2
3.012865671E1,6.891519012E0,4.372108154E0,-2.191143494E0
3.014855871E1,4.313130798E0,-1.690434723E0,-2.796185303E-1
3.016845971E1,7.968828735E0,1.093476105E0,-5.591472473E0
3.018836071E1,1.278925461E1,1.405726776E0,-3.664080505E0
3.020826271E1,1.057820251E1,-4.070036316E-1,-3.185974731E0
3.022816371E1,1.430949326E1,8.181985474E-1,-2.892435150E0
3.024806471E1,8.035739594E0,-4.158352661E-1,-4.510121155E0
3.026796671E1,4.260290680E0,1.190025330E0,-4.296215973E0
3.028786771E1,4.082610168E0,-3.358416138E0,-2.630479889E0
3.030776871E1,1.208242447E1,6.251899109E0,-2.057621155E0
3.032767071E1,1.027448410E1,-2.753673706E0,5.019062805E-1
3.034757171E1,1.174337952E1,1.436412964E0,-5.333109741E0
3.036747271E1,1.333097809E1,3.316952362E0,3.361260223E0
3.038737471E1,1.131167725E1,-2.725681915E0,5.186714172E-1
3.040727571E1,1.413375870E1,6.492897949E0,-2.112856293E0
3.042717671E1,3.926335144E-1,-1.832040253E0,-3.407813416E0
3.044707871E1,1.373483826E1,-7.060816956E-1,-3.416345673E0
3.046697971E1,1.006042923E1,6.060896301E-1,5.887407074E0
3.048688071E1,5.095553741E0,1.895059204E-1,-6.198160858E0
3.050678171E1,7.986042938E0,-1.074016571E0,-3.101699982E0
3.052668371E1,9.699978790E0,1.207987976E-1,-4.667294312E-1
3.054658471E1,1.029409332E1,1.436263275E0,-1.407223663E0
3.056648571E1,7.378306732E0,-2.751278687E-1,8.994795227E-1
3.058638771E1,1.079240707E1,-1.073567505E0,-1.900897064E0
3.060628871E1,6.467750244E0,-7.807763672E-1,3.522325287E0
3.062618971E1,1.413794998E1,5.522765350E0,-3.398233337E0
3.064609138E1,1.030966095E1,-5.292993164E0,-2.744842072E0
3.066599237E1,8.342302094E0,3.991000671E0,-6.133046265E0
3.068589337E1,7.061565399E0,-2.770738220E-1,1.511706390E0
3.070579537E1,2.164199524E0,-7.863148499E-1,1.733994141E0
3.072569638E1,8.232580261E0,1.410516815E0,-9.093589783E-1
3.074559738E1,1.262310013E1,1.722917175E-1,2.326162720E-1
3.076549938E1,1.450947739E1,-8.960366821E-1,2.363435211E0
3.078540037E1,1.078147980E1,2.806214447E0,-4.076472931E0
3.080530138E1,7.538922729E0,-9.394464111E-1,-2.657573547E0
3.082520338E1,1.076516373E1,1.846410370E0,-6.108197937E0
3.084510438E1,1.091021210E1,-7.679031372E-2,-1.675765228E0
3.086500538E1,4.702171783E0,2.675236816E0,-2.166744232E0
3.088490738E1,1.004186783E1,-8.434959412E-1,-6.282435608E-1
3.090480837E1,6.456523590E0,2.678230591E0,2.604583740E-1
3.092470938E1,1.177466446E1,4.114942932E-1,-3.460803223E-1
3.094461038E1,1.297741333E1,1.678759003E0,-7.114704895E-1
3.096451238E1,9.726773071E0,-1.016386414E-1,-6.129453735E0
3.098441338E1,1.337663315E1,8.490344238E-1,-1.159039764E0
3.100431437E1,1.178648987E1,-4.257147217E-1,-2.775378571E0
3.102421637E1,1.204590042E1,1.284478912E0,-1.999841309E-1
3.104411738E1,2.222727814E0,-6.527925110E-1,-3.049907684E0
3.106401838E1,9.920470276E0,1.480271759E0,-1.482217712E0
3.108392038E1,1.044887146E1,9.744735718E-1,1.817370758E0
3.110382137E1,9.790091400E0,1.220711517E0,1.398092651E-1
3.112372237E1,6.718778229E0,-1.684746552E0,-5.026547241E0
3.114362437E1,7.672594757E0,-1.495390320E-1,-6.628515930E0
3.116352538E1,1.600831055E1,1.925146637E0,-5.281018066E-1
3.118342638E1,7.631580048E0,-1.768871613E0,-3.207080841E0
3.120332838E1,1.370325394E1,5.214107208E0,-1.082399139E0
3.122322937E1,7.999365234E0,-6.604266357E-1,-4.769082642E-1
3.124313037E1,5.961502991E0,-6.242019653E-2,-7.143744507E0
3.126303237E1,8.271050262E0,9.577084351E-1,-3.601510620E-1
3.128293338E1,1.215083221E1,1.678459625E0,6.990463257E-1
3.130283438E1,4.809348907E0,-5.727090454E-1,-4.607269135E0
3.132273638E1,2.078487762E1,1.071771240E0,1.288370819E0
3.134263737E1,4.829856262E0,1.757345581E0,-2.713706818E0
3.136253837E1,1.342827576E1,1.819915466E0,-9.265731812E-1
3.138244037E1,7.845485229E0,3.164868622E0,2.445913696E-1
3.140234138E1,9.603878632E0,6.168672180E-1,-1.983225861E0
3.142224238E1,-7.536827087E-1,-3.316802673E0,-1.103954315E0
3.144214337E1,1.002570145E1,6.484814758E0,7.819738770E-1
3.146204537E1,1.128039230E1,-1.825753326E0,4.885839844E0
3.148194638E1,1.323442886E1,3.203338623E-1,-8.262518005E0
3.150184738E1,1.234961884E1,-1.901645508E0,-4.328997803E0
3.152174938E1,8.988807678E0,1.800904999E0,-5.559139709E0
3.154165038E1,5.262905731E0,-4.308490448E0,1.196611633E0
3.156155137E1,7.783813477E0,-6.668632507E-1,-1.454974365E0
3.158145337E1,1.450109482E1,3.767665100E0,7.334747314E-2
3.160135438E1,3.318748627E0,-6.509214020E0,9.716294861E-1
3.162125538E1,1.340477463E1,7.019353180E0,-2.249671783E0
3.164115738E1,3.253035278E0,-2.906056824E0,-2.256707153E0
3.166105871E1,1.541434570E1,1.235231323E0,-4.120182037E0
3.168095971E1,6.635700989E0,3.711232452E0,2.826871490E0
3.170086171E1,5.250481567E0,8.532257080E-2,-3.925137634E0
3.172076271E1,1.265588196E1,-2.848576355E0,-2.496209106E0
3.174066371E1,8.449479218E0,2.299967194E0,-2.686313782E0
3.176056571E1,1.135793106E1,-1.552421722E0,-3.673211517E0
3.178046671E1,6.197412415E0,4.173321533E-1,1.968706055E0
3.180036771E1,8.293952637E0,-2.692900085E-1,-2.037413177E0
3.182026971E1,-3.611988831E-1,-2.443668365E0,-6.520590363E0
3.184017071E1,1.272264313E1,-6.002517700E-2,-9.234596558E0
3.186007171E1,1.389710083E1,2.254012756E0,3.470383301E0
3.187997371E1,1.264525406E1,-4.351451111E-1,-1.484762421E0
3.189987471E1,1.117276611E1,1.091979218E0,-1.648222504E0
3.191977571E1,1.754486526E1,1.656754761E0,9.734257507E-1
3.193967671E1,2.851270752E0,-2.177970886E-1,-2.916385345E0
3.195957871E1,1.628283966E1,1.114432526E0,2.091600494E0
3.197947971E1,9.448651428E0,1.690135345E0,1.174008636E0
3.199938071E1,1.172915909E1,1.998344421E-1,2.088906097E0
3.201928271E1,8.935967560E0,9.434880066E-1,-2.636018372E0
3.203918371E1,1.218960159E1,5.737418976E0,4.186344452E0
3.205908471E1,1.000878662E1,8.632548523E-1,-6.672374725E0
3.207898671E1,7.468868408E0,1.690135345E0,-6.021528168E0
3.209888771E1,1.087608307E1,3.131488037E0,-1.580712891E0
3.211878871E1,1.122186401E1,2.661315765E0,-2.757415924E0
3.213869071E1,5.351072388E0,-1.804796906E0,-6.851252747E0
3.215859171E1,4.342469788E0,1.529519348E0,3.306623840E-1
3.217849271E1,1.543575119E1,-2.204914856E-1,2.527194672E0
3.219839471E1,-2.721340942E-1,-1.145118713E-1,8.732839966E-1
3.221829571E1,1.098745148E1,-4.495152283E-1,4.346661072E0
3.223819671E1,8.976682892E0,1.531764679E0,2.487227783E0
3.225809871E1,8.110583954E0,-4.911286926E-1,-5.773194580E0
3.227799971E1,1.310614563E1,3.654051361E0,-1.420995026E0
3.229790071E1,8.667126617E0,1.896107025E0,-3.474125519E0
3.231780271E1,1.128114075E1,-8.569679260E-1,-3.498225403E0
3.233770371E1,1.467488342E1,3.081941071E0,-2.066303101E0
3.235760471E1,4.177961884E0,6.337670746E0,2.179916840E0
3.237750671E1,1.799587738E1,-6.158193970E0,-8.307723999E0
3.239740771E1,2.016157379E0,2.531685333E0,2.184557190E0
3.241730871E1,6.816674652E0,2.723436584E0,-2.720891876E0
3.243720971E1,8.714727631E0,-2.243983612E0,6.757098541E0
3.245711171E1,1.415935547E1,1.500330048E0,2.051034851E0
3.247701271E1,1.666319870E1,7.277865601E-1,-3.144810333E0
3.249691471E1,1.444780563E1,-9.506730652E-1,-2.815345459E0
3.251681571E1,4.517306213E0,-2.095941467E0,-4.619393921E0
3.253671671E1,1.394380371E1,2.504441986E0,-2.783162384E0
3.255661771E1,9.966125336E0,-5.863307190E-1,-2.145638123E0
3.257651971E1,1.303594162E1,2.399659882E0,-2.309098206E0
3.259642071E1,3.290008392E0,4.346960449E-1,-7.638615417E-1
3.261632271E1,1.096679443E1,1.639241180E0,2.625540161E-1
3.263622371E1,6.586303711E0,1.532812500E-1,-7.249424744E-1
3.265612413E1,8.572523346E0,3.603157196E0,7.033872986E-1
3.267602613E1,8.550070038E0,-2.153721313E0,-1.340163116E0
3.269592712E1,1.211834976E1,4.326752472E0,-2.190395050E0
3.271582813E1,7.473957825E0,1.103355560E0,-3.742667084E0
3.273573013E1,1.174816956E1,4.373904419E-1,-3.620670776E0
3.275563113E1,5.739963684E0,-1.684596863E0,-1.492695923E0
3.277553213E1,1.132604736E1,3.547023926E0,-7.360194397E-1
3.279543413E1,6.927893372E0,2.140548706E-2,1.259480896E0
3.281533512E1,7.433691559E0,1.220112762E0,-1.699416046E0
3.283523613E1,1.013632141E1,1.989363098E0,-2.812651062E-1
3.285513813E1,1.122111557E1,1.117426300E0,-2.769989777E0
3.287503913E1,1.118998032E1,2.429148560E0,-1.534459076E0
3.289494012E1,1.400802017E1,8.852590942E-1,-1.091679840E0
3.291484212E1,9.654473419E0,1.174607391E0,-3.707939301E0
3.293474312E1,7.343429260E0,-1.069226532E0,-2.597398682E0
3.295464413E1,6.762936401E0,2.006726990E0,-2.751877441E0
3.297454613E1,9.729617157E0,-1.390907593E0,2.993774414E-4
3.299444713E1,9.409432983E0,-2.743794250E-1,-1.721420288E-1
3.301434812E1,1.150462601E1,2.626887360E0,1.217268677E0
3.303425012E1,1.574021805E1,2.700683899E0,-2.682421875E-1
3.305415112E1,1.007210495E1,-8.602610779E-1,-2.203118591E0
3.307405213E1,1.153650970E1,3.792962494E0,-4.474495239E0
3.309395413E1,6.314169617E0,-1.140628052E-1,-2.915936279E0
3.311385513E1,7.855065308E0,1.134341125E0,-9.050180054E-1
3.313375612E1,1.058658508E1,1.660646667E0,1.336570587E0
3.315365812E1,1.053658905E1,-6.571334839E-1,-3.481759644E-1
3.317355913E1,9.724976807E0,4.169279938E0,-2.125579834E-2
3.319346113E1,1.399844009E1,-2.548450470E0,-1.584754486E0
3.321336213E1,1.834285583E0,8.946894836E-1,-1.564247131E0
3.323326313E1,8.199199677E0,2.039957886E0,-2.599494324E0
3.325316513E1,8.427624664E0,-1.203796692E0,1.164578247E-1
3.327306612E1,5.119953003E0,1.984123993E0,-1.670376434E0
3.328127567E1,9.755513306E0,3.891906738E-1,-1.254541168E0
3.330117667E1,9.715995483E0,3.665876770E-1,-1.308279419E0
3.332107767E1,9.765093384E0,3.845503235E-1,-1.284778290E0
3.334097967E1,9.777667236E0,3.694317627E-1,-1.316362610E0
3.336088067E1,9.743687897E0,3.716770935E-1,-1.276246033E0
3.338078167E1,9.720336456E0,3.664379883E-1,-1.282532959E0
3.340068367E1,9.746831360E0,3.588038635E-1,-1.291514282E0
3.342058467E1,9.726623383E0,3.772155762E-1,-1.251098328E0
3.344048567E1,9.726623383E0,3.607498169E-1,-1.281485138E0
3.346038767E1,9.757309570E0,3.809577942E-1,-1.227148132E0
3.348028867E1,9.763147430E0,3.758683777E-1,-1.261426849E0
3.350018967E1,9.742490387E0,3.784130859E-1,-1.230740662E0
3.352009167E1,9.768087158E0,3.796105957E-1,-1.274300079E0
3.353999267E1,9.746531982E0,3.893403625E-1,-1.256936188E0
3.355989417E1,9.744286652E0,4.052073669E-1,-1.277742920E0
3.357979517E1,9.760602722E0,3.953279114E-1,-1.262025604E0
3.359969717E1,9.750423889E0,4.096980286E-1,-1.262474670E0
3.361959817E1,9.736053772E0,3.954776001E-1,-1.239272919E0
3.363949917E1,9.758806458E0,4.005670166E-1,-1.310524750E0
3.365940117E1,9.756261749E0,3.909869385E-1,-1.238674164E0
3.367930217E1,9.741442566E0,3.894900513E-1,-1.269510040E0
3.369920417E1,9.758507080E0,3.683839417E-1,-1.274749146E0
3.371910517E1,9.757608948E0,3.897894287E-1,-1.293011169E0
3.373900617E1,9.737101593E0,3.746708679E-1,-1.341360626E0
3.375890817E1,9.748328247E0,3.836521912E-1,-1.284628601E0
3.377880917E1,9.742789764E0,3.866459656E-1,-1.275647278E0
3.379871017E1,9.717941437E0,3.812571716E-1,-1.251547394E0
3.381861217E1,9.810748444E0,3.611988831E-1,-1.268013153E0
3.383851317E1,9.732610931E0,3.878434753E-1,-1.292113037E0
3.385841417E1,9.740095367E0,3.611988831E-1,-1.229243774E0
3.387831617E1,9.739795990E0,3.927832031E-1,-1.255888367E0
3.389821717E1,9.740245056E0,3.963757324E-1,-1.223405914E0
3.391811817E1,9.677974548E0,3.616479492E-1,-1.325643311E0
3.393802017E1,9.717791748E0,3.935316467E-1,-1.117426300E0
3.395792117E1,9.767937469E0,4.108955383E-1,-1.214274902E0
3.397782217E1,9.757758636E0,3.577560425E-1,-1.223705292E0
3.399772417E1,9.773176575E0,3.906875610E-1,-1.313518524E0
3.401762517E1,9.749376068E0,3.908372498E-1,-1.287772064E0
3.403752617E1,9.758357391E0,3.818559265E-1,-1.261127472E0
3.405742817E1,9.747879181E0,4.020639038E-1,-1.206790466E0
3.407732917E1,9.752669220E0,4.076023865E-1,-1.306333466E0
3.409723017E1,9.769134979E0,3.936813354E-1,-1.329684906E0
3.411713217E1,9.772877197E0,3.811074829E-1,-1.242266693E0
3.413703317E1,9.727671204E0,3.923341370E-1,-1.265917511E0
3.415693517E1,9.740993500E0,3.586541748E-1,-1.273701324E0